{
    "0": {
        "mean": 2.1333333333333333,
        "std": 1.14697670227235,
        "recent_periods_avg": 2.8,
        "historical_min": 0,
        "historical_max": 5
    },
    "1": {
        "mean": 2.066666666666667,
        "std": 1.0934146311237816,
        "recent_periods_avg": 1.0,
        "historical_min": 0,
        "historical_max": 5
    },
    "2": {
        "mean": 1.9333333333333333,
        "std": 1.1234866364235145,
        "recent_periods_avg": 2.4,
        "historical_min": 0,
        "historical_max": 4
    },
    "3": {
        "mean": 2.1,
        "std": 1.3988090172238192,
        "recent_periods_avg": 1.4,
        "historical_min": 0,
        "historical_max": 5
    },
    "4": {
        "mean": 1.7,
        "std": 1.1874342087037917,
        "recent_periods_avg": 2.6,
        "historical_min": 0,
        "historical_max": 4
    },
    "5": {
        "mean": 2.3666666666666667,
        "std": 1.3287420951996498,
        "recent_periods_avg": 2.6,
        "historical_min": 0,
        "historical_max": 4
    },
    "6": {
        "mean": 2.2333333333333334,
        "std": 1.2023125864580955,
        "recent_periods_avg": 1.8,
        "historical_min": 0,
        "historical_max": 5
    },
    "7": {
        "mean": 1.9666666666666666,
        "std": 1.2512216252748973,
        "recent_periods_avg": 2.0,
        "historical_min": 0,
        "historical_max": 5
    },
    "8": {
        "mean": 1.8666666666666667,
        "std": 1.1756794725698931,
        "recent_periods_avg": 1.8,
        "historical_min": 0,
        "historical_max": 4
    },
    "9": {
        "mean": 1.6333333333333333,
        "std": 0.9480975102218594,
        "recent_periods_avg": 1.6,
        "historical_min": 0,
        "historical_max": 3
    }
}