{
    "0": {
        "mean": 2.0,
        "std": 1.0645812948447542,
        "recent_periods_avg": 2.2,
        "historical_min": 0,
        "historical_max": 5
    },
    "1": {
        "mean": 1.9666666666666666,
        "std": 0.9480975102218595,
        "recent_periods_avg": 1.6,
        "historical_min": 0,
        "historical_max": 4
    },
    "2": {
        "mean": 1.9333333333333333,
        "std": 0.9977753031397179,
        "recent_periods_avg": 1.6,
        "historical_min": 0,
        "historical_max": 4
    },
    "3": {
        "mean": 2.3333333333333335,
        "std": 1.3743685418725535,
        "recent_periods_avg": 2.4,
        "historical_min": 0,
        "historical_max": 5
    },
    "4": {
        "mean": 1.3666666666666667,
        "std": 0.9122621455602672,
        "recent_periods_avg": 1.6,
        "historical_min": 0,
        "historical_max": 3
    },
    "5": {
        "mean": 2.2,
        "std": 1.2754084313139327,
        "recent_periods_avg": 2.6,
        "historical_min": 0,
        "historical_max": 4
    },
    "6": {
        "mean": 2.4,
        "std": 0.9865765724632495,
        "recent_periods_avg": 2.8,
        "historical_min": 0,
        "historical_max": 4
    },
    "7": {
        "mean": 2.2,
        "std": 1.2489995996796797,
        "recent_periods_avg": 2.2,
        "historical_min": 0,
        "historical_max": 5
    },
    "8": {
        "mean": 1.7666666666666666,
        "std": 1.145522685162639,
        "recent_periods_avg": 1.4,
        "historical_min": 0,
        "historical_max": 5
    },
    "9": {
        "mean": 1.8333333333333333,
        "std": 1.0354816378006046,
        "recent_periods_avg": 1.6,
        "historical_min": 0,
        "historical_max": 3
    }
}