{
    "0": {
        "mean": 2.2,
        "std": 1.3012814197295424,
        "recent_periods_avg": 2.4,
        "historical_min": 0,
        "historical_max": 5
    },
    "1": {
        "mean": 2.533333333333333,
        "std": 0.9910712498212336,
        "recent_periods_avg": 2.6,
        "historical_min": 1,
        "historical_max": 4
    },
    "2": {
        "mean": 2.7333333333333334,
        "std": 1.1234866364235145,
        "recent_periods_avg": 2.2,
        "historical_min": 1,
        "historical_max": 5
    },
    "3": {
        "mean": 2.6,
        "std": 1.2543258481484518,
        "recent_periods_avg": 2.0,
        "historical_min": 0,
        "historical_max": 5
    },
    "4": {
        "mean": 2.3333333333333335,
        "std": 1.1352924243950933,
        "recent_periods_avg": 2.8,
        "historical_min": 0,
        "historical_max": 4
    },
    "5": {
        "mean": 2.466666666666667,
        "std": 1.4079141387961918,
        "recent_periods_avg": 3.0,
        "historical_min": 0,
        "historical_max": 5
    },
    "6": {
        "mean": 2.4,
        "std": 1.019803902718557,
        "recent_periods_avg": 2.6,
        "historical_min": 0,
        "historical_max": 4
    },
    "7": {
        "mean": 2.3333333333333335,
        "std": 1.0749676997731399,
        "recent_periods_avg": 2.4,
        "historical_min": 1,
        "historical_max": 5
    },
    "8": {
        "mean": 0.4,
        "std": 0.48989794855663565,
        "recent_periods_avg": 0.0,
        "historical_min": 0,
        "historical_max": 1
    }
}