{
    "0": {
        "mean": 2.3333333333333335,
        "std": 1.3743685418725535,
        "recent_periods_avg": 3.0,
        "historical_min": 0,
        "historical_max": 5
    },
    "1": {
        "mean": 2.5,
        "std": 1.0567244989431572,
        "recent_periods_avg": 2.0,
        "historical_min": 0,
        "historical_max": 4
    },
    "2": {
        "mean": 2.6666666666666665,
        "std": 1.164283279771532,
        "recent_periods_avg": 2.0,
        "historical_min": 1,
        "historical_max": 5
    },
    "3": {
        "mean": 2.7,
        "std": 1.3940349110884325,
        "recent_periods_avg": 2.6,
        "historical_min": 0,
        "historical_max": 6
    },
    "4": {
        "mean": 2.3333333333333335,
        "std": 1.1352924243950935,
        "recent_periods_avg": 2.8,
        "historical_min": 0,
        "historical_max": 4
    },
    "5": {
        "mean": 2.3666666666666667,
        "std": 1.4019827229875395,
        "recent_periods_avg": 2.2,
        "historical_min": 0,
        "historical_max": 5
    },
    "6": {
        "mean": 2.3666666666666667,
        "std": 1.015983376941878,
        "recent_periods_avg": 2.8,
        "historical_min": 0,
        "historical_max": 4
    },
    "7": {
        "mean": 2.3333333333333335,
        "std": 1.0749676997731399,
        "recent_periods_avg": 2.4,
        "historical_min": 1,
        "historical_max": 5
    },
    "8": {
        "mean": 0.4,
        "std": 0.48989794855663565,
        "recent_periods_avg": 0.2,
        "historical_min": 0,
        "historical_max": 1
    }
}