{
    "0": {
        "mean": 2.1666666666666665,
        "std": 0.9689627902499088,
        "recent_periods_avg": 2.2,
        "historical_min": 0,
        "historical_max": 4
    },
    "1": {
        "mean": 2.0,
        "std": 1.2649110640673518,
        "recent_periods_avg": 1.4,
        "historical_min": 0,
        "historical_max": 5
    },
    "2": {
        "mean": 1.9333333333333333,
        "std": 1.2092238098144703,
        "recent_periods_avg": 2.2,
        "historical_min": 0,
        "historical_max": 4
    },
    "3": {
        "mean": 2.2666666666666666,
        "std": 1.364632632697248,
        "recent_periods_avg": 1.0,
        "historical_min": 0,
        "historical_max": 5
    },
    "4": {
        "mean": 1.8333333333333333,
        "std": 1.1279282877125754,
        "recent_periods_avg": 2.8,
        "historical_min": 0,
        "historical_max": 4
    },
    "5": {
        "mean": 2.066666666666667,
        "std": 1.2892719737209144,
        "recent_periods_avg": 1.8,
        "historical_min": 0,
        "historical_max": 5
    },
    "6": {
        "mean": 1.8333333333333333,
        "std": 1.0671873729054748,
        "recent_periods_avg": 1.2,
        "historical_min": 0,
        "historical_max": 4
    },
    "7": {
        "mean": 1.8,
        "std": 0.9797958971132713,
        "recent_periods_avg": 2.0,
        "historical_min": 0,
        "historical_max": 4
    },
    "8": {
        "mean": 2.3333333333333335,
        "std": 1.5129074290546956,
        "recent_periods_avg": 3.8,
        "historical_min": 0,
        "historical_max": 7
    },
    "9": {
        "mean": 1.7666666666666666,
        "std": 0.9195409482755815,
        "recent_periods_avg": 1.6,
        "historical_min": 0,
        "historical_max": 4
    }
}