{
    "0": {
        "mean": 2.2666666666666666,
        "std": 1.3148721948877347,
        "recent_periods_avg": 2.8,
        "historical_min": 0,
        "historical_max": 5
    },
    "1": {
        "mean": 1.9666666666666666,
        "std": 1.27758452644912,
        "recent_periods_avg": 2.2,
        "historical_min": 0,
        "historical_max": 5
    },
    "2": {
        "mean": 1.8333333333333333,
        "std": 1.1571036638473189,
        "recent_periods_avg": 2.0,
        "historical_min": 0,
        "historical_max": 4
    },
    "3": {
        "mean": 2.0,
        "std": 1.1547005383792515,
        "recent_periods_avg": 1.2,
        "historical_min": 0,
        "historical_max": 5
    },
    "4": {
        "mean": 1.6666666666666667,
        "std": 1.2472191289246473,
        "recent_periods_avg": 1.8,
        "historical_min": 0,
        "historical_max": 4
    },
    "5": {
        "mean": 2.2,
        "std": 1.2754084313139327,
        "recent_periods_avg": 2.0,
        "historical_min": 0,
        "historical_max": 5
    },
    "6": {
        "mean": 2.4,
        "std": 1.1430952132988164,
        "recent_periods_avg": 2.6,
        "historical_min": 1,
        "historical_max": 5
    },
    "7": {
        "mean": 1.7333333333333334,
        "std": 0.9637888196533972,
        "recent_periods_avg": 1.2,
        "historical_min": 0,
        "historical_max": 3
    },
    "8": {
        "mean": 2.2,
        "std": 1.2754084313139327,
        "recent_periods_avg": 2.4,
        "historical_min": 0,
        "historical_max": 5
    },
    "9": {
        "mean": 1.7333333333333334,
        "std": 1.1234866364235143,
        "recent_periods_avg": 1.8,
        "historical_min": 0,
        "historical_max": 5
    }
}