{
    "0": {
        "mean": 2.3666666666666667,
        "std": 1.1685698761972068,
        "recent_periods_avg": 1.8,
        "historical_min": 0,
        "historical_max": 5
    },
    "1": {
        "mean": 1.7333333333333334,
        "std": 1.0624918300339483,
        "recent_periods_avg": 1.4,
        "historical_min": 0,
        "historical_max": 4
    },
    "2": {
        "mean": 1.9666666666666666,
        "std": 0.9480975102218595,
        "recent_periods_avg": 1.8,
        "historical_min": 0,
        "historical_max": 4
    },
    "3": {
        "mean": 1.7333333333333334,
        "std": 1.2364824660660938,
        "recent_periods_avg": 2.0,
        "historical_min": 0,
        "historical_max": 5
    },
    "4": {
        "mean": 1.8,
        "std": 0.9797958971132713,
        "recent_periods_avg": 1.0,
        "historical_min": 0,
        "historical_max": 4
    },
    "5": {
        "mean": 1.9,
        "std": 1.0754843869934452,
        "recent_periods_avg": 1.4,
        "historical_min": 0,
        "historical_max": 4
    },
    "6": {
        "mean": 2.066666666666667,
        "std": 1.339983416149452,
        "recent_periods_avg": 2.6,
        "historical_min": 0,
        "historical_max": 6
    },
    "7": {
        "mean": 2.1333333333333333,
        "std": 0.9910712498212337,
        "recent_periods_avg": 2.8,
        "historical_min": 0,
        "historical_max": 4
    },
    "8": {
        "mean": 2.2666666666666666,
        "std": 1.50406855635713,
        "recent_periods_avg": 2.6,
        "historical_min": 0,
        "historical_max": 7
    },
    "9": {
        "mean": 2.033333333333333,
        "std": 0.9826268648655784,
        "recent_periods_avg": 2.6,
        "historical_min": 0,
        "historical_max": 4
    }
}