{
    "0": {
        "mean": 2.4,
        "std": 1.1135528725660044,
        "recent_periods_avg": 2.4,
        "historical_min": 1,
        "historical_max": 5
    },
    "1": {
        "mean": 1.8,
        "std": 1.077032961426901,
        "recent_periods_avg": 1.4,
        "historical_min": 0,
        "historical_max": 4
    },
    "2": {
        "mean": 1.9,
        "std": 1.0115993936995678,
        "recent_periods_avg": 2.0,
        "historical_min": 0,
        "historical_max": 4
    },
    "3": {
        "mean": 1.7,
        "std": 1.2151817422372122,
        "recent_periods_avg": 1.6,
        "historical_min": 0,
        "historical_max": 5
    },
    "4": {
        "mean": 1.8666666666666667,
        "std": 0.9910712498212337,
        "recent_periods_avg": 0.8,
        "historical_min": 0,
        "historical_max": 4
    },
    "5": {
        "mean": 1.8666666666666667,
        "std": 1.0873004286866725,
        "recent_periods_avg": 1.4,
        "historical_min": 0,
        "historical_max": 4
    },
    "6": {
        "mean": 2.033333333333333,
        "std": 1.3535960336164634,
        "recent_periods_avg": 3.4,
        "historical_min": 0,
        "historical_max": 6
    },
    "7": {
        "mean": 2.1,
        "std": 0.9433981132056605,
        "recent_periods_avg": 2.4,
        "historical_min": 0,
        "historical_max": 4
    },
    "8": {
        "mean": 2.2666666666666666,
        "std": 1.5040685563571303,
        "recent_periods_avg": 2.2,
        "historical_min": 0,
        "historical_max": 7
    },
    "9": {
        "mean": 2.066666666666667,
        "std": 1.0306416555826872,
        "recent_periods_avg": 2.4,
        "historical_min": 0,
        "historical_max": 4
    }
}