{
    "0": {
        "mean": 2.3,
        "std": 1.187434208703792,
        "recent_periods_avg": 2.0,
        "historical_min": 0,
        "historical_max": 5
    },
    "1": {
        "mean": 2.466666666666667,
        "std": 1.4772346537440226,
        "recent_periods_avg": 3.0,
        "historical_min": 0,
        "historical_max": 6
    },
    "2": {
        "mean": 2.533333333333333,
        "std": 1.0561986345169907,
        "recent_periods_avg": 3.0,
        "historical_min": 1,
        "historical_max": 4
    },
    "3": {
        "mean": 2.6,
        "std": 1.624807680927192,
        "recent_periods_avg": 2.4,
        "historical_min": 0,
        "historical_max": 6
    },
    "4": {
        "mean": 2.2,
        "std": 1.1944315244779278,
        "recent_periods_avg": 2.0,
        "historical_min": 0,
        "historical_max": 4
    },
    "5": {
        "mean": 2.9,
        "std": 1.3253930234714029,
        "recent_periods_avg": 2.2,
        "historical_min": 1,
        "historical_max": 5
    },
    "6": {
        "mean": 2.1,
        "std": 0.9073771725877467,
        "recent_periods_avg": 2.2,
        "historical_min": 1,
        "historical_max": 4
    },
    "7": {
        "mean": 2.6333333333333333,
        "std": 1.2242911781471306,
        "recent_periods_avg": 2.8,
        "historical_min": 0,
        "historical_max": 5
    },
    "8": {
        "mean": 0.26666666666666666,
        "std": 0.4422166387140533,
        "recent_periods_avg": 0.4,
        "historical_min": 0,
        "historical_max": 1
    }
}