{
    "0": {
        "mean": 2.1,
        "std": 1.4224392195567912,
        "recent_periods_avg": 1.4,
        "historical_min": 0,
        "historical_max": 5
    },
    "1": {
        "mean": 2.7,
        "std": 1.1874342087037917,
        "recent_periods_avg": 3.0,
        "historical_min": 1,
        "historical_max": 6
    },
    "2": {
        "mean": 2.7666666666666666,
        "std": 1.116044602852214,
        "recent_periods_avg": 3.4,
        "historical_min": 1,
        "historical_max": 5
    },
    "3": {
        "mean": 2.6333333333333333,
        "std": 1.0796089827134432,
        "recent_periods_avg": 2.6,
        "historical_min": 1,
        "historical_max": 5
    },
    "4": {
        "mean": 2.2666666666666666,
        "std": 1.1234866364235143,
        "recent_periods_avg": 2.4,
        "historical_min": 0,
        "historical_max": 4
    },
    "5": {
        "mean": 2.433333333333333,
        "std": 1.382831234179436,
        "recent_periods_avg": 1.8,
        "historical_min": 0,
        "historical_max": 5
    },
    "6": {
        "mean": 2.5,
        "std": 1.0878112581387147,
        "recent_periods_avg": 1.8,
        "historical_min": 0,
        "historical_max": 5
    },
    "7": {
        "mean": 2.2,
        "std": 1.2220201853215573,
        "recent_periods_avg": 3.0,
        "historical_min": 0,
        "historical_max": 5
    },
    "8": {
        "mean": 0.4,
        "std": 0.4898979485566357,
        "recent_periods_avg": 0.6,
        "historical_min": 0,
        "historical_max": 1
    }
}