{
    "0": {
        "mean": 2.466666666666667,
        "std": 1.4996295838935991,
        "recent_periods_avg": 3.6,
        "historical_min": 0,
        "historical_max": 7
    },
    "1": {
        "mean": 2.033333333333333,
        "std": 1.079608982713443,
        "recent_periods_avg": 2.0,
        "historical_min": 0,
        "historical_max": 5
    },
    "2": {
        "mean": 1.7333333333333334,
        "std": 1.0624918300339483,
        "recent_periods_avg": 1.6,
        "historical_min": 0,
        "historical_max": 4
    },
    "3": {
        "mean": 2.1666666666666665,
        "std": 1.1855612829185826,
        "recent_periods_avg": 2.8,
        "historical_min": 0,
        "historical_max": 5
    },
    "4": {
        "mean": 1.7333333333333334,
        "std": 1.0624918300339483,
        "recent_periods_avg": 1.2,
        "historical_min": 0,
        "historical_max": 4
    },
    "5": {
        "mean": 2.2333333333333334,
        "std": 1.358512258154322,
        "recent_periods_avg": 1.2,
        "historical_min": 0,
        "historical_max": 4
    },
    "6": {
        "mean": 1.8666666666666667,
        "std": 1.2578641509408803,
        "recent_periods_avg": 1.2,
        "historical_min": 0,
        "historical_max": 5
    },
    "7": {
        "mean": 2.1,
        "std": 1.3988090172238192,
        "recent_periods_avg": 2.2,
        "historical_min": 0,
        "historical_max": 6
    },
    "8": {
        "mean": 1.9333333333333333,
        "std": 1.2092238098144703,
        "recent_periods_avg": 2.2,
        "historical_min": 0,
        "historical_max": 4
    },
    "9": {
        "mean": 1.7333333333333334,
        "std": 0.9637888196533974,
        "recent_periods_avg": 2.0,
        "historical_min": 0,
        "historical_max": 4
    }
}