{
    "0": {
        "mean": 2.2,
        "std": 1.1372481406154655,
        "recent_periods_avg": 2.8,
        "historical_min": 0,
        "historical_max": 5
    },
    "1": {
        "mean": 1.9,
        "std": 1.106044001535804,
        "recent_periods_avg": 1.4,
        "historical_min": 0,
        "historical_max": 4
    },
    "2": {
        "mean": 2.033333333333333,
        "std": 1.0796089827134432,
        "recent_periods_avg": 1.8,
        "historical_min": 0,
        "historical_max": 4
    },
    "3": {
        "mean": 1.9666666666666666,
        "std": 1.4255603186895396,
        "recent_periods_avg": 1.4,
        "historical_min": 0,
        "historical_max": 5
    },
    "4": {
        "mean": 2.033333333333333,
        "std": 0.9480975102218595,
        "recent_periods_avg": 2.0,
        "historical_min": 0,
        "historical_max": 4
    },
    "5": {
        "mean": 1.9666666666666666,
        "std": 1.27758452644912,
        "recent_periods_avg": 2.2,
        "historical_min": 0,
        "historical_max": 4
    },
    "6": {
        "mean": 1.7333333333333334,
        "std": 1.0624918300339483,
        "recent_periods_avg": 2.4,
        "historical_min": 0,
        "historical_max": 3
    },
    "7": {
        "mean": 1.9333333333333333,
        "std": 0.9637888196533975,
        "recent_periods_avg": 1.4,
        "historical_min": 0,
        "historical_max": 4
    },
    "8": {
        "mean": 2.2333333333333334,
        "std": 1.4533486237727762,
        "recent_periods_avg": 2.8,
        "historical_min": 0,
        "historical_max": 7
    },
    "9": {
        "mean": 2.0,
        "std": 1.0327955589886444,
        "recent_periods_avg": 1.8,
        "historical_min": 0,
        "historical_max": 4
    }
}