{
    "0": {
        "mean": 2.066666666666667,
        "std": 1.18133634311129,
        "recent_periods_avg": 1.8,
        "historical_min": 0,
        "historical_max": 5
    },
    "1": {
        "mean": 2.3666666666666667,
        "std": 0.9826268648655783,
        "recent_periods_avg": 2.0,
        "historical_min": 1,
        "historical_max": 5
    },
    "2": {
        "mean": 2.8,
        "std": 1.3012814197295424,
        "recent_periods_avg": 2.2,
        "historical_min": 1,
        "historical_max": 6
    },
    "3": {
        "mean": 2.2333333333333334,
        "std": 0.9195409482755815,
        "recent_periods_avg": 2.6,
        "historical_min": 1,
        "historical_max": 4
    },
    "4": {
        "mean": 2.533333333333333,
        "std": 1.3597385369580761,
        "recent_periods_avg": 3.0,
        "historical_min": 0,
        "historical_max": 5
    },
    "5": {
        "mean": 2.8666666666666667,
        "std": 1.6478942792411035,
        "recent_periods_avg": 2.8,
        "historical_min": 0,
        "historical_max": 6
    },
    "6": {
        "mean": 2.3,
        "std": 1.1,
        "recent_periods_avg": 1.6,
        "historical_min": 0,
        "historical_max": 4
    },
    "7": {
        "mean": 2.433333333333333,
        "std": 1.3085190950927015,
        "recent_periods_avg": 3.6,
        "historical_min": 0,
        "historical_max": 5
    },
    "8": {
        "mean": 0.4,
        "std": 0.48989794855663565,
        "recent_periods_avg": 0.4,
        "historical_min": 0,
        "historical_max": 1
    }
}