{
    "0": {
        "mean": 2.1,
        "std": 1.3503086067019396,
        "recent_periods_avg": 1.0,
        "historical_min": 0,
        "historical_max": 5
    },
    "1": {
        "mean": 2.7666666666666666,
        "std": 1.2023125864580955,
        "recent_periods_avg": 2.2,
        "historical_min": 1,
        "historical_max": 6
    },
    "2": {
        "mean": 2.7666666666666666,
        "std": 1.0857664983268223,
        "recent_periods_avg": 2.8,
        "historical_min": 1,
        "historical_max": 4
    },
    "3": {
        "mean": 2.4,
        "std": 1.083205120618128,
        "recent_periods_avg": 2.6,
        "historical_min": 0,
        "historical_max": 5
    },
    "4": {
        "mean": 2.466666666666667,
        "std": 1.2036980056845192,
        "recent_periods_avg": 3.0,
        "historical_min": 0,
        "historical_max": 4
    },
    "5": {
        "mean": 2.6333333333333333,
        "std": 1.2512216252748973,
        "recent_periods_avg": 3.0,
        "historical_min": 0,
        "historical_max": 6
    },
    "6": {
        "mean": 2.533333333333333,
        "std": 1.2310790208412925,
        "recent_periods_avg": 2.8,
        "historical_min": 0,
        "historical_max": 5
    },
    "7": {
        "mean": 2.0,
        "std": 1.1254628677422756,
        "recent_periods_avg": 1.8,
        "historical_min": 0,
        "historical_max": 4
    },
    "8": {
        "mean": 0.3333333333333333,
        "std": 0.47140452079103173,
        "recent_periods_avg": 0.8,
        "historical_min": 0,
        "historical_max": 1
    }
}