{
    "0": {
        "mean": 2.1333333333333333,
        "std": 1.2036980056845192,
        "recent_periods_avg": 2.4,
        "historical_min": 0,
        "historical_max": 5
    },
    "1": {
        "mean": 2.1,
        "std": 1.1357816691600546,
        "recent_periods_avg": 2.0,
        "historical_min": 0,
        "historical_max": 5
    },
    "2": {
        "mean": 2.566666666666667,
        "std": 1.2827920936595905,
        "recent_periods_avg": 3.2,
        "historical_min": 1,
        "historical_max": 6
    },
    "3": {
        "mean": 2.4,
        "std": 1.4047538337136984,
        "recent_periods_avg": 1.2,
        "historical_min": 0,
        "historical_max": 6
    },
    "4": {
        "mean": 2.8666666666666667,
        "std": 1.0561986345169905,
        "recent_periods_avg": 3.0,
        "historical_min": 1,
        "historical_max": 5
    },
    "5": {
        "mean": 2.8666666666666667,
        "std": 1.4079141387961918,
        "recent_periods_avg": 3.4,
        "historical_min": 0,
        "historical_max": 6
    },
    "6": {
        "mean": 2.433333333333333,
        "std": 0.989388138643722,
        "recent_periods_avg": 3.0,
        "historical_min": 0,
        "historical_max": 5
    },
    "7": {
        "mean": 2.4,
        "std": 1.4966629547095764,
        "recent_periods_avg": 1.6,
        "historical_min": 0,
        "historical_max": 6
    },
    "8": {
        "mean": 0.23333333333333334,
        "std": 0.4229525846816506,
        "recent_periods_avg": 0.2,
        "historical_min": 0,
        "historical_max": 1
    }
}