{
    "0": {
        "mean": 1.8,
        "std": 0.8717797887081348,
        "recent_periods_avg": 1.2,
        "historical_min": 0,
        "historical_max": 4
    },
    "1": {
        "mean": 2.6666666666666665,
        "std": 1.1352924243950935,
        "recent_periods_avg": 2.8,
        "historical_min": 1,
        "historical_max": 5
    },
    "2": {
        "mean": 2.433333333333333,
        "std": 1.1160446028522135,
        "recent_periods_avg": 2.8,
        "historical_min": 1,
        "historical_max": 4
    },
    "3": {
        "mean": 2.7,
        "std": 1.1590225767142475,
        "recent_periods_avg": 3.0,
        "historical_min": 0,
        "historical_max": 5
    },
    "4": {
        "mean": 2.6666666666666665,
        "std": 1.2472191289246473,
        "recent_periods_avg": 2.6,
        "historical_min": 1,
        "historical_max": 6
    },
    "5": {
        "mean": 2.1,
        "std": 1.3253930234714029,
        "recent_periods_avg": 2.0,
        "historical_min": 0,
        "historical_max": 5
    },
    "6": {
        "mean": 2.533333333333333,
        "std": 1.1175369742826806,
        "recent_periods_avg": 2.6,
        "historical_min": 0,
        "historical_max": 5
    },
    "7": {
        "mean": 2.8333333333333335,
        "std": 1.3924399049470282,
        "recent_periods_avg": 2.8,
        "historical_min": 0,
        "historical_max": 6
    },
    "8": {
        "mean": 0.26666666666666666,
        "std": 0.44221663871405326,
        "recent_periods_avg": 0.2,
        "historical_min": 0,
        "historical_max": 1
    }
}