{
    "0": {
        "mean": 2.1666666666666665,
        "std": 1.1279282877125754,
        "recent_periods_avg": 3.0,
        "historical_min": 0,
        "historical_max": 5
    },
    "1": {
        "mean": 2.1333333333333333,
        "std": 1.024152766382481,
        "recent_periods_avg": 2.2,
        "historical_min": 0,
        "historical_max": 5
    },
    "2": {
        "mean": 1.8666666666666667,
        "std": 1.0561986345169907,
        "recent_periods_avg": 2.0,
        "historical_min": 0,
        "historical_max": 4
    },
    "3": {
        "mean": 2.3333333333333335,
        "std": 1.3743685418725535,
        "recent_periods_avg": 2.0,
        "historical_min": 0,
        "historical_max": 5
    },
    "4": {
        "mean": 1.6333333333333333,
        "std": 1.1100550536897809,
        "recent_periods_avg": 2.4,
        "historical_min": 0,
        "historical_max": 4
    },
    "5": {
        "mean": 2.3,
        "std": 1.3453624047073711,
        "recent_periods_avg": 2.0,
        "historical_min": 0,
        "historical_max": 4
    },
    "6": {
        "mean": 2.1333333333333333,
        "std": 1.2036980056845192,
        "recent_periods_avg": 1.0,
        "historical_min": 0,
        "historical_max": 5
    },
    "7": {
        "mean": 1.9333333333333333,
        "std": 1.2631530214330944,
        "recent_periods_avg": 1.8,
        "historical_min": 0,
        "historical_max": 5
    },
    "8": {
        "mean": 1.8,
        "std": 1.1372481406154655,
        "recent_periods_avg": 1.8,
        "historical_min": 0,
        "historical_max": 4
    },
    "9": {
        "mean": 1.7,
        "std": 1.004987562112089,
        "recent_periods_avg": 1.8,
        "historical_min": 0,
        "historical_max": 3
    }
}