{
    "0": {
        "mean": 2.1333333333333333,
        "std": 1.4313940369055926,
        "recent_periods_avg": 1.4,
        "historical_min": 0,
        "historical_max": 5
    },
    "1": {
        "mean": 2.6,
        "std": 1.1430952132988164,
        "recent_periods_avg": 2.2,
        "historical_min": 1,
        "historical_max": 6
    },
    "2": {
        "mean": 2.7666666666666666,
        "std": 1.116044602852214,
        "recent_periods_avg": 3.6,
        "historical_min": 1,
        "historical_max": 5
    },
    "3": {
        "mean": 2.7333333333333334,
        "std": 1.0306416555826872,
        "recent_periods_avg": 3.4,
        "historical_min": 1,
        "historical_max": 5
    },
    "4": {
        "mean": 2.3,
        "std": 1.1590225767142475,
        "recent_periods_avg": 2.2,
        "historical_min": 0,
        "historical_max": 4
    },
    "5": {
        "mean": 2.466666666666667,
        "std": 1.3840359661351131,
        "recent_periods_avg": 1.4,
        "historical_min": 0,
        "historical_max": 5
    },
    "6": {
        "mean": 2.533333333333333,
        "std": 1.1175369742826806,
        "recent_periods_avg": 2.2,
        "historical_min": 0,
        "historical_max": 5
    },
    "7": {
        "mean": 2.1333333333333333,
        "std": 1.2310790208412925,
        "recent_periods_avg": 3.2,
        "historical_min": 0,
        "historical_max": 5
    },
    "8": {
        "mean": 0.3333333333333333,
        "std": 0.4714045207910317,
        "recent_periods_avg": 0.4,
        "historical_min": 0,
        "historical_max": 1
    }
}