{
    "0": {
        "mean": 2.1,
        "std": 1.398809017223819,
        "recent_periods_avg": 1.6,
        "historical_min": 0,
        "historical_max": 5
    },
    "1": {
        "mean": 2.533333333333333,
        "std": 1.0561986345169907,
        "recent_periods_avg": 3.0,
        "historical_min": 1,
        "historical_max": 4
    },
    "2": {
        "mean": 2.7333333333333334,
        "std": 1.1234866364235143,
        "recent_periods_avg": 3.2,
        "historical_min": 1,
        "historical_max": 5
    },
    "3": {
        "mean": 2.7333333333333334,
        "std": 1.1527744310527053,
        "recent_periods_avg": 2.8,
        "historical_min": 1,
        "historical_max": 5
    },
    "4": {
        "mean": 2.1666666666666665,
        "std": 1.0979779394667069,
        "recent_periods_avg": 2.4,
        "historical_min": 0,
        "historical_max": 4
    },
    "5": {
        "mean": 2.6,
        "std": 1.42828568570857,
        "recent_periods_avg": 2.4,
        "historical_min": 0,
        "historical_max": 5
    },
    "6": {
        "mean": 2.466666666666667,
        "std": 1.1175369742826806,
        "recent_periods_avg": 1.8,
        "historical_min": 0,
        "historical_max": 5
    },
    "7": {
        "mean": 2.2666666666666666,
        "std": 1.1527744310527053,
        "recent_periods_avg": 2.4,
        "historical_min": 0,
        "historical_max": 5
    },
    "8": {
        "mean": 0.4,
        "std": 0.4898979485566357,
        "recent_periods_avg": 0.4,
        "historical_min": 0,
        "historical_max": 1
    }
}