{
    "0": {
        "mean": 2.1666666666666665,
        "std": 1.2931443160847214,
        "recent_periods_avg": 2.8,
        "historical_min": 0,
        "historical_max": 5
    },
    "1": {
        "mean": 2.466666666666667,
        "std": 1.1756794725698931,
        "recent_periods_avg": 2.6,
        "historical_min": 0,
        "historical_max": 5
    },
    "2": {
        "mean": 2.6333333333333333,
        "std": 1.1396880664852507,
        "recent_periods_avg": 1.6,
        "historical_min": 1,
        "historical_max": 5
    },
    "3": {
        "mean": 2.7,
        "std": 1.46401275039985,
        "recent_periods_avg": 3.0,
        "historical_min": 0,
        "historical_max": 6
    },
    "4": {
        "mean": 2.3666666666666667,
        "std": 0.9826268648655783,
        "recent_periods_avg": 2.6,
        "historical_min": 0,
        "historical_max": 4
    },
    "5": {
        "mean": 2.533333333333333,
        "std": 1.4544949486180951,
        "recent_periods_avg": 2.8,
        "historical_min": 0,
        "historical_max": 5
    },
    "6": {
        "mean": 2.3666666666666667,
        "std": 0.9480975102218594,
        "recent_periods_avg": 1.8,
        "historical_min": 1,
        "historical_max": 4
    },
    "7": {
        "mean": 2.3333333333333335,
        "std": 1.1642832797715321,
        "recent_periods_avg": 2.4,
        "historical_min": 0,
        "historical_max": 5
    },
    "8": {
        "mean": 0.43333333333333335,
        "std": 0.4955356249106168,
        "recent_periods_avg": 0.4,
        "historical_min": 0,
        "historical_max": 1
    }
}