{
    "0": {
        "mean": 2.0,
        "std": 1.0954451150103321,
        "recent_periods_avg": 1.8,
        "historical_min": 0,
        "historical_max": 4
    },
    "1": {
        "mean": 2.2666666666666666,
        "std": 1.4360439485692011,
        "recent_periods_avg": 2.0,
        "historical_min": 0,
        "historical_max": 6
    },
    "2": {
        "mean": 2.5,
        "std": 0.8850612031567836,
        "recent_periods_avg": 2.4,
        "historical_min": 1,
        "historical_max": 4
    },
    "3": {
        "mean": 2.5,
        "std": 1.408308678285174,
        "recent_periods_avg": 2.4,
        "historical_min": 0,
        "historical_max": 6
    },
    "4": {
        "mean": 2.533333333333333,
        "std": 1.2310790208412925,
        "recent_periods_avg": 3.0,
        "historical_min": 0,
        "historical_max": 5
    },
    "5": {
        "mean": 2.7333333333333334,
        "std": 1.2631530214330944,
        "recent_periods_avg": 3.0,
        "historical_min": 0,
        "historical_max": 5
    },
    "6": {
        "mean": 2.3,
        "std": 1.1298967504452195,
        "recent_periods_avg": 3.2,
        "historical_min": 0,
        "historical_max": 5
    },
    "7": {
        "mean": 2.9,
        "std": 1.398809017223819,
        "recent_periods_avg": 2.0,
        "historical_min": 0,
        "historical_max": 6
    },
    "8": {
        "mean": 0.26666666666666666,
        "std": 0.44221663871405326,
        "recent_periods_avg": 0.2,
        "historical_min": 0,
        "historical_max": 1
    }
}