{
    "0": {
        "mean": 2.1666666666666665,
        "std": 1.2405196043952262,
        "recent_periods_avg": 2.4,
        "historical_min": 0,
        "historical_max": 5
    },
    "1": {
        "mean": 2.066666666666667,
        "std": 1.3399834161494522,
        "recent_periods_avg": 2.4,
        "historical_min": 0,
        "historical_max": 5
    },
    "2": {
        "mean": 1.9,
        "std": 1.1930353445448854,
        "recent_periods_avg": 1.4,
        "historical_min": 0,
        "historical_max": 4
    },
    "3": {
        "mean": 2.1333333333333333,
        "std": 1.2578641509408806,
        "recent_periods_avg": 2.8,
        "historical_min": 0,
        "historical_max": 5
    },
    "4": {
        "mean": 1.7333333333333334,
        "std": 1.0624918300339483,
        "recent_periods_avg": 2.2,
        "historical_min": 0,
        "historical_max": 4
    },
    "5": {
        "mean": 2.3,
        "std": 1.3453624047073711,
        "recent_periods_avg": 1.6,
        "historical_min": 0,
        "historical_max": 5
    },
    "6": {
        "mean": 2.1666666666666665,
        "std": 1.1279282877125754,
        "recent_periods_avg": 1.8,
        "historical_min": 1,
        "historical_max": 5
    },
    "7": {
        "mean": 1.6666666666666667,
        "std": 1.043498389499902,
        "recent_periods_avg": 2.4,
        "historical_min": 0,
        "historical_max": 4
    },
    "8": {
        "mean": 1.9666666666666666,
        "std": 1.27758452644912,
        "recent_periods_avg": 1.0,
        "historical_min": 0,
        "historical_max": 5
    },
    "9": {
        "mean": 1.9,
        "std": 1.0754843869934454,
        "recent_periods_avg": 2.0,
        "historical_min": 0,
        "historical_max": 5
    }
}