{
    "0": {
        "mean": 2.2666666666666666,
        "std": 1.1527744310527053,
        "recent_periods_avg": 2.6,
        "historical_min": 0,
        "historical_max": 4
    },
    "1": {
        "mean": 2.566666666666667,
        "std": 1.4067298564006128,
        "recent_periods_avg": 2.6,
        "historical_min": 0,
        "historical_max": 6
    },
    "2": {
        "mean": 2.533333333333333,
        "std": 1.0241527663824812,
        "recent_periods_avg": 2.6,
        "historical_min": 1,
        "historical_max": 4
    },
    "3": {
        "mean": 2.466666666666667,
        "std": 1.384035966135113,
        "recent_periods_avg": 2.0,
        "historical_min": 0,
        "historical_max": 6
    },
    "4": {
        "mean": 2.1,
        "std": 1.1060440015358037,
        "recent_periods_avg": 2.0,
        "historical_min": 0,
        "historical_max": 4
    },
    "5": {
        "mean": 2.8,
        "std": 1.2220201853215573,
        "recent_periods_avg": 2.4,
        "historical_min": 1,
        "historical_max": 5
    },
    "6": {
        "mean": 2.1333333333333333,
        "std": 0.9568466729604882,
        "recent_periods_avg": 2.4,
        "historical_min": 1,
        "historical_max": 4
    },
    "7": {
        "mean": 2.8666666666666667,
        "std": 1.309792180292567,
        "recent_periods_avg": 3.2,
        "historical_min": 0,
        "historical_max": 5
    },
    "8": {
        "mean": 0.26666666666666666,
        "std": 0.44221663871405326,
        "recent_periods_avg": 0.2,
        "historical_min": 0,
        "historical_max": 1
    }
}