{
    "0": {
        "mean": 2.1666666666666665,
        "std": 1.0354816378006046,
        "recent_periods_avg": 2.2,
        "historical_min": 0,
        "historical_max": 4
    },
    "1": {
        "mean": 2.1333333333333333,
        "std": 1.2578641509408803,
        "recent_periods_avg": 2.2,
        "historical_min": 0,
        "historical_max": 5
    },
    "2": {
        "mean": 1.9666666666666666,
        "std": 1.168569876197207,
        "recent_periods_avg": 2.4,
        "historical_min": 0,
        "historical_max": 4
    },
    "3": {
        "mean": 2.066666666666667,
        "std": 1.339983416149452,
        "recent_periods_avg": 1.2,
        "historical_min": 0,
        "historical_max": 5
    },
    "4": {
        "mean": 1.9,
        "std": 1.0115993936995678,
        "recent_periods_avg": 2.0,
        "historical_min": 0,
        "historical_max": 4
    },
    "5": {
        "mean": 1.9333333333333333,
        "std": 1.2092238098144703,
        "recent_periods_avg": 2.0,
        "historical_min": 0,
        "historical_max": 4
    },
    "6": {
        "mean": 1.7666666666666666,
        "std": 1.085766498326822,
        "recent_periods_avg": 1.4,
        "historical_min": 0,
        "historical_max": 4
    },
    "7": {
        "mean": 1.8333333333333333,
        "std": 0.93392838174146,
        "recent_periods_avg": 2.0,
        "historical_min": 0,
        "historical_max": 4
    },
    "8": {
        "mean": 2.2333333333333334,
        "std": 1.498517786199268,
        "recent_periods_avg": 2.0,
        "historical_min": 0,
        "historical_max": 7
    },
    "9": {
        "mean": 2.0,
        "std": 1.0,
        "recent_periods_avg": 2.6,
        "historical_min": 0,
        "historical_max": 4
    }
}