{
    "0": {
        "mean": 2.3333333333333335,
        "std": 1.2202003478482084,
        "recent_periods_avg": 2.4,
        "historical_min": 1,
        "historical_max": 5
    },
    "1": {
        "mean": 1.8666666666666667,
        "std": 1.3097921802925667,
        "recent_periods_avg": 2.0,
        "historical_min": 0,
        "historical_max": 5
    },
    "2": {
        "mean": 2.0,
        "std": 1.1547005383792515,
        "recent_periods_avg": 2.6,
        "historical_min": 0,
        "historical_max": 4
    },
    "3": {
        "mean": 2.0,
        "std": 1.1832159566199232,
        "recent_periods_avg": 2.0,
        "historical_min": 0,
        "historical_max": 5
    },
    "4": {
        "mean": 1.7,
        "std": 1.268857754044952,
        "recent_periods_avg": 1.6,
        "historical_min": 0,
        "historical_max": 4
    },
    "5": {
        "mean": 2.2666666666666666,
        "std": 1.3148721948877347,
        "recent_periods_avg": 1.8,
        "historical_min": 0,
        "historical_max": 5
    },
    "6": {
        "mean": 2.2666666666666666,
        "std": 1.0934146311237816,
        "recent_periods_avg": 1.8,
        "historical_min": 1,
        "historical_max": 5
    },
    "7": {
        "mean": 1.6666666666666667,
        "std": 1.0110500592068734,
        "recent_periods_avg": 1.2,
        "historical_min": 0,
        "historical_max": 3
    },
    "8": {
        "mean": 2.1666666666666665,
        "std": 1.2405196043952262,
        "recent_periods_avg": 2.4,
        "historical_min": 0,
        "historical_max": 5
    },
    "9": {
        "mean": 1.7333333333333334,
        "std": 1.0624918300339485,
        "recent_periods_avg": 2.2,
        "historical_min": 0,
        "historical_max": 5
    }
}