{
    "0": {
        "mean": 2.033333333333333,
        "std": 1.1100550536897809,
        "recent_periods_avg": 1.8,
        "historical_min": 0,
        "historical_max": 4
    },
    "1": {
        "mean": 2.3,
        "std": 1.1298967504452195,
        "recent_periods_avg": 2.6,
        "historical_min": 0,
        "historical_max": 4
    },
    "2": {
        "mean": 2.1666666666666665,
        "std": 1.2405196043952262,
        "recent_periods_avg": 1.4,
        "historical_min": 0,
        "historical_max": 5
    },
    "3": {
        "mean": 1.8333333333333333,
        "std": 1.1279282877125754,
        "recent_periods_avg": 2.2,
        "historical_min": 0,
        "historical_max": 4
    },
    "4": {
        "mean": 1.8666666666666667,
        "std": 1.2036980056845192,
        "recent_periods_avg": 1.6,
        "historical_min": 0,
        "historical_max": 4
    },
    "5": {
        "mean": 1.8666666666666667,
        "std": 1.0873004286866725,
        "recent_periods_avg": 1.2,
        "historical_min": 0,
        "historical_max": 4
    },
    "6": {
        "mean": 2.1,
        "std": 1.3253930234714029,
        "recent_periods_avg": 3.0,
        "historical_min": 0,
        "historical_max": 6
    },
    "7": {
        "mean": 1.8666666666666667,
        "std": 1.1756794725698931,
        "recent_periods_avg": 1.6,
        "historical_min": 0,
        "historical_max": 5
    },
    "8": {
        "mean": 1.9,
        "std": 1.1930353445448854,
        "recent_periods_avg": 2.2,
        "historical_min": 0,
        "historical_max": 5
    },
    "9": {
        "mean": 2.066666666666667,
        "std": 1.18133634311129,
        "recent_periods_avg": 2.4,
        "historical_min": 0,
        "historical_max": 4
    }
}