{
    "0": {
        "mean": 2.2333333333333334,
        "std": 1.2827920936595905,
        "recent_periods_avg": 3.0,
        "historical_min": 0,
        "historical_max": 5
    },
    "1": {
        "mean": 2.433333333333333,
        "std": 1.085766498326822,
        "recent_periods_avg": 1.8,
        "historical_min": 0,
        "historical_max": 4
    },
    "2": {
        "mean": 2.6333333333333333,
        "std": 1.1396880664852507,
        "recent_periods_avg": 2.2,
        "historical_min": 1,
        "historical_max": 5
    },
    "3": {
        "mean": 2.8,
        "std": 1.3759844960366863,
        "recent_periods_avg": 3.2,
        "historical_min": 0,
        "historical_max": 6
    },
    "4": {
        "mean": 2.3333333333333335,
        "std": 1.1352924243950935,
        "recent_periods_avg": 2.4,
        "historical_min": 0,
        "historical_max": 4
    },
    "5": {
        "mean": 2.4,
        "std": 1.4047538337136984,
        "recent_periods_avg": 2.4,
        "historical_min": 0,
        "historical_max": 5
    },
    "6": {
        "mean": 2.4,
        "std": 0.9865765724632495,
        "recent_periods_avg": 2.4,
        "historical_min": 0,
        "historical_max": 4
    },
    "7": {
        "mean": 2.3666666666666667,
        "std": 1.0796089827134432,
        "recent_periods_avg": 2.4,
        "historical_min": 1,
        "historical_max": 5
    },
    "8": {
        "mean": 0.4,
        "std": 0.48989794855663565,
        "recent_periods_avg": 0.2,
        "historical_min": 0,
        "historical_max": 1
    }
}