{
    "0": {
        "mean": 2.1666666666666665,
        "std": 1.1571036638473187,
        "recent_periods_avg": 2.4,
        "historical_min": 0,
        "historical_max": 5
    },
    "1": {
        "mean": 2.4,
        "std": 1.1430952132988166,
        "recent_periods_avg": 3.0,
        "historical_min": 0,
        "historical_max": 5
    },
    "2": {
        "mean": 2.6666666666666665,
        "std": 1.349897115421106,
        "recent_periods_avg": 2.8,
        "historical_min": 1,
        "historical_max": 6
    },
    "3": {
        "mean": 2.1666666666666665,
        "std": 1.1571036638473189,
        "recent_periods_avg": 2.0,
        "historical_min": 0,
        "historical_max": 5
    },
    "4": {
        "mean": 2.7666666666666666,
        "std": 1.1455226851626388,
        "recent_periods_avg": 2.0,
        "historical_min": 0,
        "historical_max": 5
    },
    "5": {
        "mean": 2.8,
        "std": 1.5577761927397231,
        "recent_periods_avg": 2.2,
        "historical_min": 0,
        "historical_max": 6
    },
    "6": {
        "mean": 2.6,
        "std": 0.9521904571390467,
        "recent_periods_avg": 2.6,
        "historical_min": 1,
        "historical_max": 5
    },
    "7": {
        "mean": 2.1333333333333333,
        "std": 1.2578641509408803,
        "recent_periods_avg": 2.4,
        "historical_min": 0,
        "historical_max": 5
    },
    "8": {
        "mean": 0.3,
        "std": 0.458257569495584,
        "recent_periods_avg": 0.6,
        "historical_min": 0,
        "historical_max": 1
    }
}