{
    "0": {
        "mean": 1.9333333333333333,
        "std": 0.9637888196533974,
        "recent_periods_avg": 2.0,
        "historical_min": 0,
        "historical_max": 4
    },
    "1": {
        "mean": 2.3,
        "std": 1.2151817422372124,
        "recent_periods_avg": 2.4,
        "historical_min": 0,
        "historical_max": 5
    },
    "2": {
        "mean": 2.6333333333333333,
        "std": 1.168569876197207,
        "recent_periods_avg": 2.6,
        "historical_min": 1,
        "historical_max": 6
    },
    "3": {
        "mean": 2.7,
        "std": 1.3699148392023013,
        "recent_periods_avg": 2.8,
        "historical_min": 1,
        "historical_max": 6
    },
    "4": {
        "mean": 2.6,
        "std": 1.171893055416463,
        "recent_periods_avg": 2.6,
        "historical_min": 0,
        "historical_max": 5
    },
    "5": {
        "mean": 2.6666666666666665,
        "std": 1.398411797560202,
        "recent_periods_avg": 3.4,
        "historical_min": 0,
        "historical_max": 5
    },
    "6": {
        "mean": 2.3666666666666667,
        "std": 1.0796089827134432,
        "recent_periods_avg": 2.2,
        "historical_min": 0,
        "historical_max": 5
    },
    "7": {
        "mean": 2.533333333333333,
        "std": 1.4996295838935991,
        "recent_periods_avg": 1.8,
        "historical_min": 0,
        "historical_max": 6
    },
    "8": {
        "mean": 0.26666666666666666,
        "std": 0.4422166387140533,
        "recent_periods_avg": 0.2,
        "historical_min": 0,
        "historical_max": 1
    }
}