{
    "0": {
        "mean": 1.9333333333333333,
        "std": 1.0624918300339485,
        "recent_periods_avg": 2.0,
        "historical_min": 0,
        "historical_max": 5
    },
    "1": {
        "mean": 2.1333333333333333,
        "std": 0.8844332774281065,
        "recent_periods_avg": 2.2,
        "historical_min": 0,
        "historical_max": 4
    },
    "2": {
        "mean": 1.8666666666666667,
        "std": 1.024152766382481,
        "recent_periods_avg": 1.0,
        "historical_min": 0,
        "historical_max": 4
    },
    "3": {
        "mean": 2.3666666666666667,
        "std": 1.3287420951996498,
        "recent_periods_avg": 1.6,
        "historical_min": 0,
        "historical_max": 5
    },
    "4": {
        "mean": 1.4333333333333333,
        "std": 0.9195409482755816,
        "recent_periods_avg": 1.6,
        "historical_min": 0,
        "historical_max": 3
    },
    "5": {
        "mean": 2.3333333333333335,
        "std": 1.2472191289246473,
        "recent_periods_avg": 3.0,
        "historical_min": 0,
        "historical_max": 4
    },
    "6": {
        "mean": 2.4,
        "std": 1.0519822558706333,
        "recent_periods_avg": 3.0,
        "historical_min": 0,
        "historical_max": 5
    },
    "7": {
        "mean": 2.066666666666667,
        "std": 1.2631530214330944,
        "recent_periods_avg": 1.6,
        "historical_min": 0,
        "historical_max": 5
    },
    "8": {
        "mean": 1.7333333333333334,
        "std": 1.0624918300339483,
        "recent_periods_avg": 2.0,
        "historical_min": 0,
        "historical_max": 4
    },
    "9": {
        "mean": 1.7333333333333334,
        "std": 0.9977753031397177,
        "recent_periods_avg": 2.0,
        "historical_min": 0,
        "historical_max": 3
    }
}