{
    "0": {
        "mean": 2.2333333333333334,
        "std": 1.085766498326822,
        "recent_periods_avg": 2.2,
        "historical_min": 0,
        "historical_max": 5
    },
    "1": {
        "mean": 2.033333333333333,
        "std": 1.2512216252748973,
        "recent_periods_avg": 1.4,
        "historical_min": 0,
        "historical_max": 5
    },
    "2": {
        "mean": 1.9333333333333333,
        "std": 1.2364824660660938,
        "recent_periods_avg": 2.0,
        "historical_min": 0,
        "historical_max": 4
    },
    "3": {
        "mean": 2.2666666666666666,
        "std": 1.364632632697248,
        "recent_periods_avg": 2.2,
        "historical_min": 0,
        "historical_max": 5
    },
    "4": {
        "mean": 1.8,
        "std": 1.077032961426901,
        "recent_periods_avg": 2.2,
        "historical_min": 0,
        "historical_max": 4
    },
    "5": {
        "mean": 2.1333333333333333,
        "std": 1.3349989596333858,
        "recent_periods_avg": 1.6,
        "historical_min": 0,
        "historical_max": 5
    },
    "6": {
        "mean": 1.8666666666666667,
        "std": 1.14697670227235,
        "recent_periods_avg": 0.4,
        "historical_min": 0,
        "historical_max": 4
    },
    "7": {
        "mean": 1.7333333333333334,
        "std": 0.9977753031397176,
        "recent_periods_avg": 2.2,
        "historical_min": 0,
        "historical_max": 4
    },
    "8": {
        "mean": 2.2333333333333334,
        "std": 1.5205992970609392,
        "recent_periods_avg": 3.8,
        "historical_min": 0,
        "historical_max": 7
    },
    "9": {
        "mean": 1.7666666666666666,
        "std": 0.8439325934114775,
        "recent_periods_avg": 2.0,
        "historical_min": 0,
        "historical_max": 4
    }
}