{
    "0": {
        "mean": 2.2,
        "std": 1.0132456102380443,
        "recent_periods_avg": 1.8,
        "historical_min": 0,
        "historical_max": 4
    },
    "1": {
        "mean": 2.066666666666667,
        "std": 1.0934146311237816,
        "recent_periods_avg": 2.2,
        "historical_min": 0,
        "historical_max": 4
    },
    "2": {
        "mean": 2.1333333333333333,
        "std": 1.1175369742826804,
        "recent_periods_avg": 3.0,
        "historical_min": 0,
        "historical_max": 4
    },
    "3": {
        "mean": 1.9333333333333333,
        "std": 1.339983416149452,
        "recent_periods_avg": 1.0,
        "historical_min": 0,
        "historical_max": 5
    },
    "4": {
        "mean": 1.9333333333333333,
        "std": 0.9977753031397179,
        "recent_periods_avg": 1.8,
        "historical_min": 0,
        "historical_max": 4
    },
    "5": {
        "mean": 1.9333333333333333,
        "std": 1.2092238098144703,
        "recent_periods_avg": 2.6,
        "historical_min": 0,
        "historical_max": 4
    },
    "6": {
        "mean": 1.7,
        "std": 1.0692676621563628,
        "recent_periods_avg": 1.8,
        "historical_min": 0,
        "historical_max": 4
    },
    "7": {
        "mean": 1.8666666666666667,
        "std": 0.9568466729604881,
        "recent_periods_avg": 2.0,
        "historical_min": 0,
        "historical_max": 4
    },
    "8": {
        "mean": 2.2,
        "std": 1.5143755588800727,
        "recent_periods_avg": 1.4,
        "historical_min": 0,
        "historical_max": 7
    },
    "9": {
        "mean": 2.033333333333333,
        "std": 0.9826268648655784,
        "recent_periods_avg": 2.4,
        "historical_min": 0,
        "historical_max": 4
    }
}