{
    "0": {
        "mean": 2.1333333333333333,
        "std": 1.0873004286866728,
        "recent_periods_avg": 1.8,
        "historical_min": 0,
        "historical_max": 5
    },
    "1": {
        "mean": 1.8,
        "std": 1.0132456102380443,
        "recent_periods_avg": 2.0,
        "historical_min": 0,
        "historical_max": 4
    },
    "2": {
        "mean": 1.9333333333333333,
        "std": 0.8537498983243799,
        "recent_periods_avg": 2.0,
        "historical_min": 1,
        "historical_max": 4
    },
    "3": {
        "mean": 2.1,
        "std": 1.374772708486752,
        "recent_periods_avg": 2.6,
        "historical_min": 0,
        "historical_max": 5
    },
    "4": {
        "mean": 1.5666666666666667,
        "std": 0.9893881386437221,
        "recent_periods_avg": 2.0,
        "historical_min": 0,
        "historical_max": 3
    },
    "5": {
        "mean": 2.033333333333333,
        "std": 1.168569876197207,
        "recent_periods_avg": 2.0,
        "historical_min": 0,
        "historical_max": 4
    },
    "6": {
        "mean": 2.5,
        "std": 1.118033988749895,
        "recent_periods_avg": 1.8,
        "historical_min": 0,
        "historical_max": 6
    },
    "7": {
        "mean": 1.9666666666666666,
        "std": 1.168569876197207,
        "recent_periods_avg": 2.2,
        "historical_min": 0,
        "historical_max": 5
    },
    "8": {
        "mean": 2.1,
        "std": 1.1357816691600546,
        "recent_periods_avg": 2.0,
        "historical_min": 0,
        "historical_max": 5
    },
    "9": {
        "mean": 1.8666666666666667,
        "std": 0.8844332774281065,
        "recent_periods_avg": 1.6,
        "historical_min": 0,
        "historical_max": 3
    }
}