{
    "0": {
        "mean": 2.2,
        "std": 1.16619037896906,
        "recent_periods_avg": 1.6,
        "historical_min": 0,
        "historical_max": 5
    },
    "1": {
        "mean": 1.8,
        "std": 0.9797958971132713,
        "recent_periods_avg": 1.8,
        "historical_min": 0,
        "historical_max": 4
    },
    "2": {
        "mean": 2.066666666666667,
        "std": 0.9285592184789413,
        "recent_periods_avg": 2.2,
        "historical_min": 1,
        "historical_max": 4
    },
    "3": {
        "mean": 1.7666666666666666,
        "std": 1.2827920936595905,
        "recent_periods_avg": 2.6,
        "historical_min": 0,
        "historical_max": 5
    },
    "4": {
        "mean": 1.6666666666666667,
        "std": 0.9428090415820634,
        "recent_periods_avg": 1.8,
        "historical_min": 0,
        "historical_max": 4
    },
    "5": {
        "mean": 2.033333333333333,
        "std": 1.1100550536897809,
        "recent_periods_avg": 1.8,
        "historical_min": 0,
        "historical_max": 4
    },
    "6": {
        "mean": 2.466666666666667,
        "std": 1.1469767022723503,
        "recent_periods_avg": 2.6,
        "historical_min": 0,
        "historical_max": 6
    },
    "7": {
        "mean": 1.9666666666666666,
        "std": 0.9480975102218595,
        "recent_periods_avg": 1.6,
        "historical_min": 0,
        "historical_max": 4
    },
    "8": {
        "mean": 1.9666666666666666,
        "std": 1.1685698761972068,
        "recent_periods_avg": 2.0,
        "historical_min": 0,
        "historical_max": 5
    },
    "9": {
        "mean": 2.066666666666667,
        "std": 1.0624918300339485,
        "recent_periods_avg": 2.0,
        "historical_min": 0,
        "historical_max": 4
    }
}