{
    "0": {
        "mean": 2.1666666666666665,
        "std": 1.2133516482134197,
        "recent_periods_avg": 1.8,
        "historical_min": 0,
        "historical_max": 5
    },
    "1": {
        "mean": 2.1,
        "std": 1.1647603473104098,
        "recent_periods_avg": 1.6,
        "historical_min": 0,
        "historical_max": 4
    },
    "2": {
        "mean": 2.1,
        "std": 1.1647603473104098,
        "recent_periods_avg": 1.8,
        "historical_min": 0,
        "historical_max": 5
    },
    "3": {
        "mean": 1.9,
        "std": 1.3,
        "recent_periods_avg": 1.4,
        "historical_min": 0,
        "historical_max": 5
    },
    "4": {
        "mean": 1.8,
        "std": 1.351542328847553,
        "recent_periods_avg": 1.8,
        "historical_min": 0,
        "historical_max": 4
    },
    "5": {
        "mean": 1.9333333333333333,
        "std": 1.0934146311237816,
        "recent_periods_avg": 2.6,
        "historical_min": 0,
        "historical_max": 4
    },
    "6": {
        "mean": 2.2666666666666666,
        "std": 1.364632632697248,
        "recent_periods_avg": 2.2,
        "historical_min": 0,
        "historical_max": 6
    },
    "7": {
        "mean": 1.8666666666666667,
        "std": 1.2578641509408806,
        "recent_periods_avg": 1.8,
        "historical_min": 0,
        "historical_max": 5
    },
    "8": {
        "mean": 2.033333333333333,
        "std": 1.3034143197344767,
        "recent_periods_avg": 2.2,
        "historical_min": 0,
        "historical_max": 5
    },
    "9": {
        "mean": 1.8333333333333333,
        "std": 1.1855612829185826,
        "recent_periods_avg": 2.8,
        "historical_min": 0,
        "historical_max": 5
    }
}