{
    "0": {
        "mean": 2.1333333333333333,
        "std": 1.1469767022723503,
        "recent_periods_avg": 1.6,
        "historical_min": 0,
        "historical_max": 5
    },
    "1": {
        "mean": 2.3666666666666667,
        "std": 1.1396880664852507,
        "recent_periods_avg": 3.8,
        "historical_min": 0,
        "historical_max": 5
    },
    "2": {
        "mean": 2.6666666666666665,
        "std": 1.349897115421106,
        "recent_periods_avg": 2.8,
        "historical_min": 1,
        "historical_max": 6
    },
    "3": {
        "mean": 2.1333333333333333,
        "std": 1.2036980056845192,
        "recent_periods_avg": 2.0,
        "historical_min": 0,
        "historical_max": 5
    },
    "4": {
        "mean": 2.7333333333333334,
        "std": 1.1527744310527055,
        "recent_periods_avg": 2.0,
        "historical_min": 0,
        "historical_max": 5
    },
    "5": {
        "mean": 2.8,
        "std": 1.4696938456699067,
        "recent_periods_avg": 1.8,
        "historical_min": 0,
        "historical_max": 6
    },
    "6": {
        "mean": 2.6666666666666665,
        "std": 1.0110500592068734,
        "recent_periods_avg": 3.0,
        "historical_min": 0,
        "historical_max": 5
    },
    "7": {
        "mean": 2.2,
        "std": 1.3012814197295424,
        "recent_periods_avg": 2.6,
        "historical_min": 0,
        "historical_max": 5
    },
    "8": {
        "mean": 0.3,
        "std": 0.458257569495584,
        "recent_periods_avg": 0.4,
        "historical_min": 0,
        "historical_max": 1
    }
}