{
    "0": {
        "mean": 2.1,
        "std": 1.1930353445448854,
        "recent_periods_avg": 2.4,
        "historical_min": 0,
        "historical_max": 5
    },
    "1": {
        "mean": 2.1333333333333333,
        "std": 1.1469767022723503,
        "recent_periods_avg": 2.4,
        "historical_min": 0,
        "historical_max": 5
    },
    "2": {
        "mean": 2.466666666666667,
        "std": 1.3097921802925667,
        "recent_periods_avg": 2.4,
        "historical_min": 1,
        "historical_max": 6
    },
    "3": {
        "mean": 2.3666666666666667,
        "std": 1.4019827229875395,
        "recent_periods_avg": 1.6,
        "historical_min": 0,
        "historical_max": 6
    },
    "4": {
        "mean": 2.966666666666667,
        "std": 1.0482790129010924,
        "recent_periods_avg": 3.0,
        "historical_min": 1,
        "historical_max": 5
    },
    "5": {
        "mean": 2.9,
        "std": 1.4224392195567912,
        "recent_periods_avg": 3.6,
        "historical_min": 0,
        "historical_max": 6
    },
    "6": {
        "mean": 2.5,
        "std": 0.9574271077563381,
        "recent_periods_avg": 2.8,
        "historical_min": 0,
        "historical_max": 5
    },
    "7": {
        "mean": 2.3,
        "std": 1.5088627063675033,
        "recent_periods_avg": 1.4,
        "historical_min": 0,
        "historical_max": 6
    },
    "8": {
        "mean": 0.26666666666666666,
        "std": 0.4422166387140533,
        "recent_periods_avg": 0.4,
        "historical_min": 0,
        "historical_max": 1
    }
}