{
    "0": {
        "mean": 2.1333333333333333,
        "std": 1.087300428686673,
        "recent_periods_avg": 1.8,
        "historical_min": 0,
        "historical_max": 5
    },
    "1": {
        "mean": 1.8333333333333333,
        "std": 1.0354816378006046,
        "recent_periods_avg": 2.2,
        "historical_min": 0,
        "historical_max": 4
    },
    "2": {
        "mean": 1.9666666666666666,
        "std": 0.8359957469322967,
        "recent_periods_avg": 2.0,
        "historical_min": 1,
        "historical_max": 4
    },
    "3": {
        "mean": 2.066666666666667,
        "std": 1.339983416149452,
        "recent_periods_avg": 2.4,
        "historical_min": 0,
        "historical_max": 5
    },
    "4": {
        "mean": 1.5333333333333334,
        "std": 0.9910712498212337,
        "recent_periods_avg": 2.2,
        "historical_min": 0,
        "historical_max": 3
    },
    "5": {
        "mean": 2.1,
        "std": 1.2206555615733703,
        "recent_periods_avg": 2.2,
        "historical_min": 0,
        "historical_max": 4
    },
    "6": {
        "mean": 2.5,
        "std": 1.118033988749895,
        "recent_periods_avg": 1.8,
        "historical_min": 0,
        "historical_max": 6
    },
    "7": {
        "mean": 2.0,
        "std": 1.1254628677422756,
        "recent_periods_avg": 2.4,
        "historical_min": 0,
        "historical_max": 5
    },
    "8": {
        "mean": 2.066666666666667,
        "std": 1.1527744310527055,
        "recent_periods_avg": 1.8,
        "historical_min": 0,
        "historical_max": 5
    },
    "9": {
        "mean": 1.8,
        "std": 0.9451631252505216,
        "recent_periods_avg": 1.2,
        "historical_min": 0,
        "historical_max": 3
    }
}