{
    "0": {
        "mean": 2.2333333333333334,
        "std": 1.3337499349161706,
        "recent_periods_avg": 1.8,
        "historical_min": 0,
        "historical_max": 5
    },
    "1": {
        "mean": 2.066666666666667,
        "std": 1.1234866364235145,
        "recent_periods_avg": 2.0,
        "historical_min": 0,
        "historical_max": 4
    },
    "2": {
        "mean": 2.0,
        "std": 1.1254628677422756,
        "recent_periods_avg": 2.2,
        "historical_min": 0,
        "historical_max": 5
    },
    "3": {
        "mean": 1.9333333333333333,
        "std": 1.2631530214330944,
        "recent_periods_avg": 1.2,
        "historical_min": 0,
        "historical_max": 5
    },
    "4": {
        "mean": 1.7,
        "std": 1.2948616399703354,
        "recent_periods_avg": 2.0,
        "historical_min": 0,
        "historical_max": 4
    },
    "5": {
        "mean": 2.0,
        "std": 1.1254628677422756,
        "recent_periods_avg": 2.6,
        "historical_min": 0,
        "historical_max": 4
    },
    "6": {
        "mean": 2.3333333333333335,
        "std": 1.3498971154211057,
        "recent_periods_avg": 2.8,
        "historical_min": 1,
        "historical_max": 6
    },
    "7": {
        "mean": 1.9,
        "std": 1.2206555615733703,
        "recent_periods_avg": 1.4,
        "historical_min": 0,
        "historical_max": 5
    },
    "8": {
        "mean": 1.9666666666666666,
        "std": 1.3034143197344765,
        "recent_periods_avg": 1.6,
        "historical_min": 0,
        "historical_max": 5
    },
    "9": {
        "mean": 1.8666666666666667,
        "std": 1.1756794725698931,
        "recent_periods_avg": 2.4,
        "historical_min": 0,
        "historical_max": 5
    }
}