{
    "0": {
        "mean": 1.9666666666666666,
        "std": 1.1100550536897806,
        "recent_periods_avg": 2.0,
        "historical_min": 0,
        "historical_max": 5
    },
    "1": {
        "mean": 2.0,
        "std": 0.9309493362512627,
        "recent_periods_avg": 1.8,
        "historical_min": 0,
        "historical_max": 4
    },
    "2": {
        "mean": 1.9,
        "std": 1.044030650891055,
        "recent_periods_avg": 0.8,
        "historical_min": 0,
        "historical_max": 4
    },
    "3": {
        "mean": 2.3666666666666667,
        "std": 1.3780017739062924,
        "recent_periods_avg": 2.8,
        "historical_min": 0,
        "historical_max": 5
    },
    "4": {
        "mean": 1.4333333333333333,
        "std": 0.9551032521262937,
        "recent_periods_avg": 1.6,
        "historical_min": 0,
        "historical_max": 3
    },
    "5": {
        "mean": 2.2666666666666666,
        "std": 1.2631530214330944,
        "recent_periods_avg": 2.4,
        "historical_min": 0,
        "historical_max": 4
    },
    "6": {
        "mean": 2.3,
        "std": 0.971253485622231,
        "recent_periods_avg": 2.2,
        "historical_min": 0,
        "historical_max": 4
    },
    "7": {
        "mean": 2.1333333333333333,
        "std": 1.2036980056845192,
        "recent_periods_avg": 2.4,
        "historical_min": 0,
        "historical_max": 5
    },
    "8": {
        "mean": 1.8333333333333333,
        "std": 1.2133516482134197,
        "recent_periods_avg": 2.2,
        "historical_min": 0,
        "historical_max": 5
    },
    "9": {
        "mean": 1.8,
        "std": 1.0132456102380443,
        "recent_periods_avg": 1.8,
        "historical_min": 0,
        "historical_max": 3
    }
}