{
    "0": {
        "mean": 2.3,
        "std": 1.3699148392023013,
        "recent_periods_avg": 2.6,
        "historical_min": 0,
        "historical_max": 5
    },
    "1": {
        "mean": 2.7333333333333334,
        "std": 1.2092238098144703,
        "recent_periods_avg": 2.0,
        "historical_min": 1,
        "historical_max": 6
    },
    "2": {
        "mean": 2.6666666666666665,
        "std": 1.1055415967851332,
        "recent_periods_avg": 2.6,
        "historical_min": 1,
        "historical_max": 4
    },
    "3": {
        "mean": 2.533333333333333,
        "std": 1.0873004286866725,
        "recent_periods_avg": 2.8,
        "historical_min": 0,
        "historical_max": 5
    },
    "4": {
        "mean": 2.3,
        "std": 1.1590225767142475,
        "recent_periods_avg": 2.4,
        "historical_min": 0,
        "historical_max": 4
    },
    "5": {
        "mean": 2.466666666666667,
        "std": 1.2310790208412925,
        "recent_periods_avg": 2.4,
        "historical_min": 0,
        "historical_max": 5
    },
    "6": {
        "mean": 2.6,
        "std": 1.2274635093014648,
        "recent_periods_avg": 2.6,
        "historical_min": 0,
        "historical_max": 5
    },
    "7": {
        "mean": 2.066666666666667,
        "std": 1.1234866364235145,
        "recent_periods_avg": 2.2,
        "historical_min": 0,
        "historical_max": 4
    },
    "8": {
        "mean": 0.3333333333333333,
        "std": 0.4714045207910317,
        "recent_periods_avg": 0.4,
        "historical_min": 0,
        "historical_max": 1
    }
}