{
    "0": {
        "mean": 2.3666666666666667,
        "std": 1.2242911781471306,
        "recent_periods_avg": 2.4,
        "historical_min": 0,
        "historical_max": 5
    },
    "1": {
        "mean": 2.3,
        "std": 1.242309676905615,
        "recent_periods_avg": 1.4,
        "historical_min": 0,
        "historical_max": 5
    },
    "2": {
        "mean": 2.566666666666667,
        "std": 1.1455226851626386,
        "recent_periods_avg": 2.6,
        "historical_min": 1,
        "historical_max": 5
    },
    "3": {
        "mean": 2.7666666666666666,
        "std": 1.5849991237291652,
        "recent_periods_avg": 3.0,
        "historical_min": 0,
        "historical_max": 6
    },
    "4": {
        "mean": 2.3,
        "std": 0.971253485622231,
        "recent_periods_avg": 2.6,
        "historical_min": 0,
        "historical_max": 4
    },
    "5": {
        "mean": 2.7,
        "std": 1.5737428845483834,
        "recent_periods_avg": 3.4,
        "historical_min": 0,
        "historical_max": 5
    },
    "6": {
        "mean": 2.1666666666666665,
        "std": 0.8975274678557507,
        "recent_periods_avg": 1.4,
        "historical_min": 1,
        "historical_max": 4
    },
    "7": {
        "mean": 2.533333333333333,
        "std": 1.2036980056845192,
        "recent_periods_avg": 3.0,
        "historical_min": 0,
        "historical_max": 5
    },
    "8": {
        "mean": 0.3,
        "std": 0.45825756949558394,
        "recent_periods_avg": 0.2,
        "historical_min": 0,
        "historical_max": 1
    }
}