{
    "0": {
        "mean": 2.2333333333333334,
        "std": 1.0225241100118647,
        "recent_periods_avg": 2.4,
        "historical_min": 0,
        "historical_max": 4
    },
    "1": {
        "mean": 2.066666666666667,
        "std": 1.2092238098144703,
        "recent_periods_avg": 1.8,
        "historical_min": 0,
        "historical_max": 5
    },
    "2": {
        "mean": 1.8666666666666667,
        "std": 1.2036980056845192,
        "recent_periods_avg": 1.8,
        "historical_min": 0,
        "historical_max": 4
    },
    "3": {
        "mean": 2.2,
        "std": 1.3266499161421599,
        "recent_periods_avg": 1.2,
        "historical_min": 0,
        "historical_max": 5
    },
    "4": {
        "mean": 1.8666666666666667,
        "std": 1.0873004286866725,
        "recent_periods_avg": 2.4,
        "historical_min": 0,
        "historical_max": 4
    },
    "5": {
        "mean": 2.1,
        "std": 1.2741009902410927,
        "recent_periods_avg": 2.0,
        "historical_min": 0,
        "historical_max": 5
    },
    "6": {
        "mean": 1.7333333333333334,
        "std": 1.0934146311237813,
        "recent_periods_avg": 1.0,
        "historical_min": 0,
        "historical_max": 4
    },
    "7": {
        "mean": 1.9,
        "std": 0.9433981132056605,
        "recent_periods_avg": 2.0,
        "historical_min": 0,
        "historical_max": 4
    },
    "8": {
        "mean": 2.2333333333333334,
        "std": 1.498517786199268,
        "recent_periods_avg": 3.4,
        "historical_min": 0,
        "historical_max": 7
    },
    "9": {
        "mean": 1.8,
        "std": 0.9797958971132713,
        "recent_periods_avg": 2.0,
        "historical_min": 0,
        "historical_max": 4
    }
}