{
    "0": {
        "mean": 2.1666666666666665,
        "std": 1.0354816378006044,
        "recent_periods_avg": 2.2,
        "historical_min": 0,
        "historical_max": 4
    },
    "1": {
        "mean": 2.0,
        "std": 1.2110601416389966,
        "recent_periods_avg": 1.6,
        "historical_min": 0,
        "historical_max": 5
    },
    "2": {
        "mean": 2.0,
        "std": 1.2110601416389966,
        "recent_periods_avg": 2.0,
        "historical_min": 0,
        "historical_max": 4
    },
    "3": {
        "mean": 2.2,
        "std": 1.3266499161421599,
        "recent_periods_avg": 1.4,
        "historical_min": 0,
        "historical_max": 5
    },
    "4": {
        "mean": 1.8,
        "std": 1.077032961426901,
        "recent_periods_avg": 1.8,
        "historical_min": 0,
        "historical_max": 4
    },
    "5": {
        "mean": 2.1,
        "std": 1.274100990241093,
        "recent_periods_avg": 2.2,
        "historical_min": 0,
        "historical_max": 5
    },
    "6": {
        "mean": 1.7666666666666666,
        "std": 1.085766498326822,
        "recent_periods_avg": 1.2,
        "historical_min": 0,
        "historical_max": 4
    },
    "7": {
        "mean": 1.8666666666666667,
        "std": 0.9213516640723501,
        "recent_periods_avg": 2.0,
        "historical_min": 0,
        "historical_max": 4
    },
    "8": {
        "mean": 2.3,
        "std": 1.4866068747318506,
        "recent_periods_avg": 3.4,
        "historical_min": 0,
        "historical_max": 7
    },
    "9": {
        "mean": 1.8,
        "std": 0.9797958971132713,
        "recent_periods_avg": 2.2,
        "historical_min": 0,
        "historical_max": 4
    }
}