{
    "0": {
        "mean": 2.533333333333333,
        "std": 1.586050300449376,
        "recent_periods_avg": 2.0,
        "historical_min": 0,
        "historical_max": 7
    },
    "1": {
        "mean": 1.8,
        "std": 1.0456258094238748,
        "recent_periods_avg": 1.0,
        "historical_min": 0,
        "historical_max": 5
    },
    "2": {
        "mean": 1.6666666666666667,
        "std": 1.043498389499902,
        "recent_periods_avg": 2.2,
        "historical_min": 0,
        "historical_max": 4
    },
    "3": {
        "mean": 2.1,
        "std": 1.16476034731041,
        "recent_periods_avg": 2.2,
        "historical_min": 0,
        "historical_max": 5
    },
    "4": {
        "mean": 1.9333333333333333,
        "std": 1.0934146311237816,
        "recent_periods_avg": 2.2,
        "historical_min": 0,
        "historical_max": 4
    },
    "5": {
        "mean": 2.2,
        "std": 1.3515423288475528,
        "recent_periods_avg": 3.0,
        "historical_min": 0,
        "historical_max": 5
    },
    "6": {
        "mean": 1.6666666666666667,
        "std": 1.2736648783028532,
        "recent_periods_avg": 1.4,
        "historical_min": 0,
        "historical_max": 5
    },
    "7": {
        "mean": 1.8,
        "std": 1.2489995996796797,
        "recent_periods_avg": 1.6,
        "historical_min": 0,
        "historical_max": 6
    },
    "8": {
        "mean": 2.3666666666666667,
        "std": 1.0796089827134432,
        "recent_periods_avg": 2.6,
        "historical_min": 0,
        "historical_max": 4
    },
    "9": {
        "mean": 1.9333333333333333,
        "std": 0.9637888196533974,
        "recent_periods_avg": 1.8,
        "historical_min": 0,
        "historical_max": 4
    }
}