{
    "0": {
        "mean": 1.9,
        "std": 0.9780933834080806,
        "recent_periods_avg": 1.8,
        "historical_min": 0,
        "historical_max": 4
    },
    "1": {
        "mean": 2.3666666666666667,
        "std": 1.3535960336164636,
        "recent_periods_avg": 2.0,
        "historical_min": 0,
        "historical_max": 6
    },
    "2": {
        "mean": 2.6333333333333333,
        "std": 1.168569876197207,
        "recent_periods_avg": 3.4,
        "historical_min": 1,
        "historical_max": 6
    },
    "3": {
        "mean": 2.7,
        "std": 1.369914839202301,
        "recent_periods_avg": 2.8,
        "historical_min": 1,
        "historical_max": 6
    },
    "4": {
        "mean": 2.6333333333333333,
        "std": 1.1967548714010827,
        "recent_periods_avg": 2.8,
        "historical_min": 0,
        "historical_max": 5
    },
    "5": {
        "mean": 2.6666666666666665,
        "std": 1.398411797560202,
        "recent_periods_avg": 3.4,
        "historical_min": 0,
        "historical_max": 5
    },
    "6": {
        "mean": 2.3333333333333335,
        "std": 1.1055415967851332,
        "recent_periods_avg": 2.4,
        "historical_min": 0,
        "historical_max": 5
    },
    "7": {
        "mean": 2.466666666666667,
        "std": 1.4772346537440226,
        "recent_periods_avg": 1.0,
        "historical_min": 0,
        "historical_max": 6
    },
    "8": {
        "mean": 0.3,
        "std": 0.45825756949558394,
        "recent_periods_avg": 0.4,
        "historical_min": 0,
        "historical_max": 1
    }
}