{
    "0": {
        "mean": 2.4,
        "std": 1.1430952132988166,
        "recent_periods_avg": 2.8,
        "historical_min": 0,
        "historical_max": 5
    },
    "1": {
        "mean": 2.433333333333333,
        "std": 1.1742609969205688,
        "recent_periods_avg": 2.2,
        "historical_min": 0,
        "historical_max": 5
    },
    "2": {
        "mean": 2.7,
        "std": 1.3203534880225571,
        "recent_periods_avg": 3.0,
        "historical_min": 1,
        "historical_max": 6
    },
    "3": {
        "mean": 2.1333333333333333,
        "std": 1.1756794725698931,
        "recent_periods_avg": 2.4,
        "historical_min": 0,
        "historical_max": 5
    },
    "4": {
        "mean": 2.5,
        "std": 1.2315302134607444,
        "recent_periods_avg": 1.8,
        "historical_min": 0,
        "historical_max": 5
    },
    "5": {
        "mean": 2.8666666666666667,
        "std": 1.6478942792411035,
        "recent_periods_avg": 3.2,
        "historical_min": 0,
        "historical_max": 6
    },
    "6": {
        "mean": 2.3666666666666667,
        "std": 1.015983376941878,
        "recent_periods_avg": 1.6,
        "historical_min": 1,
        "historical_max": 4
    },
    "7": {
        "mean": 2.2333333333333334,
        "std": 1.2565384549980512,
        "recent_periods_avg": 2.4,
        "historical_min": 0,
        "historical_max": 5
    },
    "8": {
        "mean": 0.36666666666666664,
        "std": 0.48189440982669857,
        "recent_periods_avg": 0.6,
        "historical_min": 0,
        "historical_max": 1
    }
}