{
    "0": {
        "mean": 2.0,
        "std": 1.0,
        "recent_periods_avg": 1.6,
        "historical_min": 0,
        "historical_max": 4
    },
    "1": {
        "mean": 2.4,
        "std": 1.3564659966250536,
        "recent_periods_avg": 2.4,
        "historical_min": 0,
        "historical_max": 6
    },
    "2": {
        "mean": 2.6333333333333333,
        "std": 0.9826268648655783,
        "recent_periods_avg": 3.0,
        "historical_min": 1,
        "historical_max": 5
    },
    "3": {
        "mean": 2.433333333333333,
        "std": 1.4067298564006125,
        "recent_periods_avg": 2.2,
        "historical_min": 0,
        "historical_max": 6
    },
    "4": {
        "mean": 2.6333333333333333,
        "std": 1.27758452644912,
        "recent_periods_avg": 3.6,
        "historical_min": 0,
        "historical_max": 5
    },
    "5": {
        "mean": 2.5,
        "std": 1.2583057392117916,
        "recent_periods_avg": 2.0,
        "historical_min": 0,
        "historical_max": 5
    },
    "6": {
        "mean": 2.3666666666666667,
        "std": 1.1396880664852507,
        "recent_periods_avg": 3.2,
        "historical_min": 0,
        "historical_max": 5
    },
    "7": {
        "mean": 2.7333333333333334,
        "std": 1.4360439485692011,
        "recent_periods_avg": 1.8,
        "historical_min": 0,
        "historical_max": 6
    },
    "8": {
        "mean": 0.3,
        "std": 0.45825756949558394,
        "recent_periods_avg": 0.2,
        "historical_min": 0,
        "historical_max": 1
    }
}