{
    "0": {
        "mean": 1.9,
        "std": 0.9433981132056604,
        "recent_periods_avg": 1.8,
        "historical_min": 0,
        "historical_max": 4
    },
    "1": {
        "mean": 2.6666666666666665,
        "std": 1.1352924243950933,
        "recent_periods_avg": 2.4,
        "historical_min": 1,
        "historical_max": 5
    },
    "2": {
        "mean": 2.433333333333333,
        "std": 1.1160446028522135,
        "recent_periods_avg": 3.4,
        "historical_min": 1,
        "historical_max": 4
    },
    "3": {
        "mean": 2.6666666666666665,
        "std": 1.1642832797715321,
        "recent_periods_avg": 3.0,
        "historical_min": 0,
        "historical_max": 5
    },
    "4": {
        "mean": 2.7333333333333334,
        "std": 1.2092238098144703,
        "recent_periods_avg": 2.8,
        "historical_min": 1,
        "historical_max": 6
    },
    "5": {
        "mean": 1.9333333333333333,
        "std": 1.2631530214330946,
        "recent_periods_avg": 1.6,
        "historical_min": 0,
        "historical_max": 5
    },
    "6": {
        "mean": 2.6,
        "std": 1.083205120618128,
        "recent_periods_avg": 2.8,
        "historical_min": 0,
        "historical_max": 5
    },
    "7": {
        "mean": 2.7666666666666666,
        "std": 1.4302291968616623,
        "recent_periods_avg": 1.8,
        "historical_min": 0,
        "historical_max": 6
    },
    "8": {
        "mean": 0.3,
        "std": 0.45825756949558394,
        "recent_periods_avg": 0.4,
        "historical_min": 0,
        "historical_max": 1
    }
}