{
    "0": {
        "mean": 2.2333333333333334,
        "std": 1.1455226851626388,
        "recent_periods_avg": 1.8,
        "historical_min": 0,
        "historical_max": 5
    },
    "1": {
        "mean": 1.7666666666666666,
        "std": 0.9893881386437221,
        "recent_periods_avg": 1.8,
        "historical_min": 0,
        "historical_max": 4
    },
    "2": {
        "mean": 2.066666666666667,
        "std": 0.9285592184789413,
        "recent_periods_avg": 2.4,
        "historical_min": 1,
        "historical_max": 4
    },
    "3": {
        "mean": 1.8333333333333333,
        "std": 1.2405196043952265,
        "recent_periods_avg": 3.0,
        "historical_min": 0,
        "historical_max": 5
    },
    "4": {
        "mean": 1.6333333333333333,
        "std": 0.9122621455602672,
        "recent_periods_avg": 1.4,
        "historical_min": 0,
        "historical_max": 4
    },
    "5": {
        "mean": 2.033333333333333,
        "std": 1.1100550536897809,
        "recent_periods_avg": 2.0,
        "historical_min": 0,
        "historical_max": 4
    },
    "6": {
        "mean": 2.3666666666666667,
        "std": 1.2242911781471306,
        "recent_periods_avg": 2.6,
        "historical_min": 0,
        "historical_max": 6
    },
    "7": {
        "mean": 1.9,
        "std": 0.9433981132056605,
        "recent_periods_avg": 1.2,
        "historical_min": 0,
        "historical_max": 4
    },
    "8": {
        "mean": 2.1333333333333333,
        "std": 1.4772346537440226,
        "recent_periods_avg": 2.0,
        "historical_min": 0,
        "historical_max": 7
    },
    "9": {
        "mean": 2.033333333333333,
        "std": 1.0482790129010926,
        "recent_periods_avg": 1.8,
        "historical_min": 0,
        "historical_max": 4
    }
}