{
    "0": {
        "mean": 2.2666666666666666,
        "std": 1.364632632697248,
        "recent_periods_avg": 2.4,
        "historical_min": 0,
        "historical_max": 5
    },
    "1": {
        "mean": 2.7,
        "std": 1.242309676905615,
        "recent_periods_avg": 2.0,
        "historical_min": 1,
        "historical_max": 6
    },
    "2": {
        "mean": 2.7,
        "std": 1.1,
        "recent_periods_avg": 2.6,
        "historical_min": 1,
        "historical_max": 4
    },
    "3": {
        "mean": 2.466666666666667,
        "std": 0.9910712498212337,
        "recent_periods_avg": 2.2,
        "historical_min": 0,
        "historical_max": 5
    },
    "4": {
        "mean": 2.3333333333333335,
        "std": 1.192569587999888,
        "recent_periods_avg": 2.6,
        "historical_min": 0,
        "historical_max": 4
    },
    "5": {
        "mean": 2.466666666666667,
        "std": 1.2310790208412925,
        "recent_periods_avg": 2.6,
        "historical_min": 0,
        "historical_max": 5
    },
    "6": {
        "mean": 2.566666666666667,
        "std": 1.2297244497131143,
        "recent_periods_avg": 2.8,
        "historical_min": 0,
        "historical_max": 5
    },
    "7": {
        "mean": 2.1666666666666665,
        "std": 1.1571036638473189,
        "recent_periods_avg": 2.2,
        "historical_min": 0,
        "historical_max": 4
    },
    "8": {
        "mean": 0.3333333333333333,
        "std": 0.4714045207910317,
        "recent_periods_avg": 0.6,
        "historical_min": 0,
        "historical_max": 1
    }
}