{
    "0": {
        "mean": 2.1333333333333333,
        "std": 1.1175369742826806,
        "recent_periods_avg": 3.0,
        "historical_min": 0,
        "historical_max": 5
    },
    "1": {
        "mean": 2.1666666666666665,
        "std": 1.0027739304327548,
        "recent_periods_avg": 2.6,
        "historical_min": 0,
        "historical_max": 5
    },
    "2": {
        "mean": 1.8333333333333333,
        "std": 1.0354816378006046,
        "recent_periods_avg": 1.6,
        "historical_min": 0,
        "historical_max": 4
    },
    "3": {
        "mean": 2.3,
        "std": 1.369914839202301,
        "recent_periods_avg": 1.6,
        "historical_min": 0,
        "historical_max": 5
    },
    "4": {
        "mean": 1.5333333333333334,
        "std": 1.024152766382481,
        "recent_periods_avg": 1.8,
        "historical_min": 0,
        "historical_max": 3
    },
    "5": {
        "mean": 2.3,
        "std": 1.3453624047073711,
        "recent_periods_avg": 2.0,
        "historical_min": 0,
        "historical_max": 4
    },
    "6": {
        "mean": 2.2333333333333334,
        "std": 1.1455226851626388,
        "recent_periods_avg": 2.0,
        "historical_min": 0,
        "historical_max": 5
    },
    "7": {
        "mean": 1.9333333333333333,
        "std": 1.2631530214330944,
        "recent_periods_avg": 1.6,
        "historical_min": 0,
        "historical_max": 5
    },
    "8": {
        "mean": 1.8333333333333333,
        "std": 1.1279282877125756,
        "recent_periods_avg": 2.0,
        "historical_min": 0,
        "historical_max": 4
    },
    "9": {
        "mean": 1.7333333333333334,
        "std": 0.9977753031397176,
        "recent_periods_avg": 1.8,
        "historical_min": 0,
        "historical_max": 3
    }
}