{
    "0": {
        "mean": 2.1666666666666665,
        "std": 1.0671873729054748,
        "recent_periods_avg": 1.8,
        "historical_min": 0,
        "historical_max": 4
    },
    "1": {
        "mean": 2.3333333333333335,
        "std": 1.4220486005134365,
        "recent_periods_avg": 1.2,
        "historical_min": 0,
        "historical_max": 6
    },
    "2": {
        "mean": 2.566666666666667,
        "std": 0.9195409482755814,
        "recent_periods_avg": 2.8,
        "historical_min": 1,
        "historical_max": 4
    },
    "3": {
        "mean": 2.6333333333333333,
        "std": 1.53803626600791,
        "recent_periods_avg": 3.4,
        "historical_min": 0,
        "historical_max": 6
    },
    "4": {
        "mean": 2.3333333333333335,
        "std": 1.299572579307862,
        "recent_periods_avg": 3.2,
        "historical_min": 0,
        "historical_max": 5
    },
    "5": {
        "mean": 2.6333333333333333,
        "std": 1.2512216252748976,
        "recent_periods_avg": 2.2,
        "historical_min": 0,
        "historical_max": 5
    },
    "6": {
        "mean": 2.1333333333333333,
        "std": 1.0561986345169905,
        "recent_periods_avg": 2.0,
        "historical_min": 0,
        "historical_max": 4
    },
    "7": {
        "mean": 2.933333333333333,
        "std": 1.364632632697248,
        "recent_periods_avg": 3.0,
        "historical_min": 0,
        "historical_max": 6
    },
    "8": {
        "mean": 0.26666666666666666,
        "std": 0.4422166387140533,
        "recent_periods_avg": 0.4,
        "historical_min": 0,
        "historical_max": 1
    }
}