{
    "0": {
        "mean": 2.2333333333333334,
        "std": 1.1742609969205693,
        "recent_periods_avg": 2.8,
        "historical_min": 0,
        "historical_max": 5
    },
    "1": {
        "mean": 2.433333333333333,
        "std": 1.1455226851626388,
        "recent_periods_avg": 2.4,
        "historical_min": 0,
        "historical_max": 5
    },
    "2": {
        "mean": 2.7333333333333334,
        "std": 1.364632632697248,
        "recent_periods_avg": 3.4,
        "historical_min": 1,
        "historical_max": 6
    },
    "3": {
        "mean": 2.066666666666667,
        "std": 1.1234866364235145,
        "recent_periods_avg": 2.0,
        "historical_min": 0,
        "historical_max": 5
    },
    "4": {
        "mean": 2.7,
        "std": 1.1874342087037917,
        "recent_periods_avg": 1.8,
        "historical_min": 0,
        "historical_max": 5
    },
    "5": {
        "mean": 2.6666666666666665,
        "std": 1.5563490039905001,
        "recent_periods_avg": 2.2,
        "historical_min": 0,
        "historical_max": 6
    },
    "6": {
        "mean": 2.6333333333333333,
        "std": 1.015983376941878,
        "recent_periods_avg": 2.0,
        "historical_min": 1,
        "historical_max": 5
    },
    "7": {
        "mean": 2.1666666666666665,
        "std": 1.2671051872498809,
        "recent_periods_avg": 2.6,
        "historical_min": 0,
        "historical_max": 5
    },
    "8": {
        "mean": 0.36666666666666664,
        "std": 0.48189440982669857,
        "recent_periods_avg": 0.8,
        "historical_min": 0,
        "historical_max": 1
    }
}