{
    "0": {
        "mean": 2.433333333333333,
        "std": 1.085766498326822,
        "recent_periods_avg": 2.6,
        "historical_min": 1,
        "historical_max": 5
    },
    "1": {
        "mean": 1.7666666666666666,
        "std": 1.054619467970425,
        "recent_periods_avg": 1.4,
        "historical_min": 0,
        "historical_max": 4
    },
    "2": {
        "mean": 1.9333333333333333,
        "std": 1.0306416555826872,
        "recent_periods_avg": 1.8,
        "historical_min": 0,
        "historical_max": 4
    },
    "3": {
        "mean": 1.8,
        "std": 1.351542328847553,
        "recent_periods_avg": 1.8,
        "historical_min": 0,
        "historical_max": 5
    },
    "4": {
        "mean": 1.9,
        "std": 0.9780933834080806,
        "recent_periods_avg": 0.8,
        "historical_min": 0,
        "historical_max": 4
    },
    "5": {
        "mean": 1.9,
        "std": 1.0754843869934452,
        "recent_periods_avg": 1.8,
        "historical_min": 0,
        "historical_max": 4
    },
    "6": {
        "mean": 1.9666666666666666,
        "std": 1.3535960336164634,
        "recent_periods_avg": 3.0,
        "historical_min": 0,
        "historical_max": 6
    },
    "7": {
        "mean": 2.033333333333333,
        "std": 0.9480975102218595,
        "recent_periods_avg": 2.0,
        "historical_min": 0,
        "historical_max": 4
    },
    "8": {
        "mean": 2.2,
        "std": 1.5577761927397233,
        "recent_periods_avg": 2.4,
        "historical_min": 0,
        "historical_max": 7
    },
    "9": {
        "mean": 2.066666666666667,
        "std": 1.0306416555826872,
        "recent_periods_avg": 2.4,
        "historical_min": 0,
        "historical_max": 4
    }
}