{
    "0": {
        "mean": 2.1,
        "std": 1.1357816691600546,
        "recent_periods_avg": 2.2,
        "historical_min": 0,
        "historical_max": 5
    },
    "1": {
        "mean": 2.066666666666667,
        "std": 1.1234866364235145,
        "recent_periods_avg": 2.4,
        "historical_min": 0,
        "historical_max": 5
    },
    "2": {
        "mean": 2.566666666666667,
        "std": 1.3085190950927015,
        "recent_periods_avg": 2.0,
        "historical_min": 1,
        "historical_max": 6
    },
    "3": {
        "mean": 2.3333333333333335,
        "std": 1.4220486005134363,
        "recent_periods_avg": 1.8,
        "historical_min": 0,
        "historical_max": 6
    },
    "4": {
        "mean": 3.033333333333333,
        "std": 1.0482790129010926,
        "recent_periods_avg": 2.6,
        "historical_min": 1,
        "historical_max": 5
    },
    "5": {
        "mean": 2.8666666666666667,
        "std": 1.521694961401777,
        "recent_periods_avg": 3.2,
        "historical_min": 0,
        "historical_max": 6
    },
    "6": {
        "mean": 2.533333333333333,
        "std": 0.9910712498212337,
        "recent_periods_avg": 2.8,
        "historical_min": 0,
        "historical_max": 5
    },
    "7": {
        "mean": 2.2,
        "std": 1.4236104336041748,
        "recent_periods_avg": 2.4,
        "historical_min": 0,
        "historical_max": 6
    },
    "8": {
        "mean": 0.3,
        "std": 0.458257569495584,
        "recent_periods_avg": 0.6,
        "historical_min": 0,
        "historical_max": 1
    }
}