{
    "0": {
        "mean": 2.1333333333333333,
        "std": 1.2036980056845192,
        "recent_periods_avg": 2.2,
        "historical_min": 0,
        "historical_max": 5
    },
    "1": {
        "mean": 2.1333333333333333,
        "std": 1.1469767022723503,
        "recent_periods_avg": 2.2,
        "historical_min": 0,
        "historical_max": 5
    },
    "2": {
        "mean": 2.533333333333333,
        "std": 1.284090685617215,
        "recent_periods_avg": 2.6,
        "historical_min": 1,
        "historical_max": 6
    },
    "3": {
        "mean": 2.4,
        "std": 1.4047538337136984,
        "recent_periods_avg": 1.4,
        "historical_min": 0,
        "historical_max": 6
    },
    "4": {
        "mean": 2.933333333333333,
        "std": 1.0624918300339485,
        "recent_periods_avg": 3.4,
        "historical_min": 1,
        "historical_max": 5
    },
    "5": {
        "mean": 2.8333333333333335,
        "std": 1.4161763857498668,
        "recent_periods_avg": 3.4,
        "historical_min": 0,
        "historical_max": 6
    },
    "6": {
        "mean": 2.433333333333333,
        "std": 0.989388138643722,
        "recent_periods_avg": 2.8,
        "historical_min": 0,
        "historical_max": 5
    },
    "7": {
        "mean": 2.3333333333333335,
        "std": 1.5129074290546956,
        "recent_periods_avg": 1.6,
        "historical_min": 0,
        "historical_max": 6
    },
    "8": {
        "mean": 0.26666666666666666,
        "std": 0.4422166387140533,
        "recent_periods_avg": 0.4,
        "historical_min": 0,
        "historical_max": 1
    }
}