{
    "0": {
        "mean": 2.1333333333333333,
        "std": 1.2578641509408803,
        "recent_periods_avg": 2.8,
        "historical_min": 0,
        "historical_max": 5
    },
    "1": {
        "mean": 2.433333333333333,
        "std": 1.1455226851626388,
        "recent_periods_avg": 2.4,
        "historical_min": 0,
        "historical_max": 5
    },
    "2": {
        "mean": 2.6,
        "std": 1.1430952132988166,
        "recent_periods_avg": 1.8,
        "historical_min": 1,
        "historical_max": 5
    },
    "3": {
        "mean": 2.7,
        "std": 1.46401275039985,
        "recent_periods_avg": 2.8,
        "historical_min": 0,
        "historical_max": 6
    },
    "4": {
        "mean": 2.3666666666666667,
        "std": 0.9826268648655783,
        "recent_periods_avg": 2.0,
        "historical_min": 0,
        "historical_max": 4
    },
    "5": {
        "mean": 2.6333333333333333,
        "std": 1.4487542541400487,
        "recent_periods_avg": 3.2,
        "historical_min": 0,
        "historical_max": 5
    },
    "6": {
        "mean": 2.4,
        "std": 0.9521904571390467,
        "recent_periods_avg": 2.2,
        "historical_min": 1,
        "historical_max": 4
    },
    "7": {
        "mean": 2.3333333333333335,
        "std": 1.1642832797715321,
        "recent_periods_avg": 2.6,
        "historical_min": 0,
        "historical_max": 5
    },
    "8": {
        "mean": 0.4,
        "std": 0.48989794855663565,
        "recent_periods_avg": 0.2,
        "historical_min": 0,
        "historical_max": 1
    }
}