{
    "0": {
        "mean": 2.2333333333333334,
        "std": 1.2023125864580955,
        "recent_periods_avg": 2.0,
        "historical_min": 1,
        "historical_max": 5
    },
    "1": {
        "mean": 1.9,
        "std": 1.3,
        "recent_periods_avg": 1.6,
        "historical_min": 0,
        "historical_max": 5
    },
    "2": {
        "mean": 2.033333333333333,
        "std": 1.168569876197207,
        "recent_periods_avg": 2.8,
        "historical_min": 0,
        "historical_max": 4
    },
    "3": {
        "mean": 1.9666666666666666,
        "std": 1.168569876197207,
        "recent_periods_avg": 2.2,
        "historical_min": 0,
        "historical_max": 5
    },
    "4": {
        "mean": 1.6333333333333333,
        "std": 1.3034143197344767,
        "recent_periods_avg": 1.6,
        "historical_min": 0,
        "historical_max": 4
    },
    "5": {
        "mean": 2.3333333333333335,
        "std": 1.349897115421106,
        "recent_periods_avg": 2.0,
        "historical_min": 0,
        "historical_max": 5
    },
    "6": {
        "mean": 2.3,
        "std": 1.0692676621563626,
        "recent_periods_avg": 2.0,
        "historical_min": 1,
        "historical_max": 5
    },
    "7": {
        "mean": 1.6,
        "std": 0.9865765724632494,
        "recent_periods_avg": 1.2,
        "historical_min": 0,
        "historical_max": 3
    },
    "8": {
        "mean": 2.2333333333333334,
        "std": 1.2297244497131146,
        "recent_periods_avg": 2.4,
        "historical_min": 0,
        "historical_max": 5
    },
    "9": {
        "mean": 1.7666666666666666,
        "std": 1.054619467970425,
        "recent_periods_avg": 2.2,
        "historical_min": 0,
        "historical_max": 5
    }
}