{
    "0": {
        "mean": 2.1666666666666665,
        "std": 1.1279282877125754,
        "recent_periods_avg": 2.8,
        "historical_min": 0,
        "historical_max": 5
    },
    "1": {
        "mean": 1.9666666666666666,
        "std": 1.3034143197344767,
        "recent_periods_avg": 1.8,
        "historical_min": 0,
        "historical_max": 5
    },
    "2": {
        "mean": 1.9666666666666666,
        "std": 1.2242911781471304,
        "recent_periods_avg": 1.8,
        "historical_min": 0,
        "historical_max": 4
    },
    "3": {
        "mean": 2.3333333333333335,
        "std": 1.2995725793078619,
        "recent_periods_avg": 2.4,
        "historical_min": 0,
        "historical_max": 5
    },
    "4": {
        "mean": 1.7666666666666666,
        "std": 1.085766498326822,
        "recent_periods_avg": 1.8,
        "historical_min": 0,
        "historical_max": 4
    },
    "5": {
        "mean": 2.1666666666666665,
        "std": 1.343709624716425,
        "recent_periods_avg": 1.8,
        "historical_min": 0,
        "historical_max": 5
    },
    "6": {
        "mean": 2.033333333333333,
        "std": 1.2242911781471306,
        "recent_periods_avg": 1.0,
        "historical_min": 0,
        "historical_max": 5
    },
    "7": {
        "mean": 1.7333333333333334,
        "std": 1.0624918300339485,
        "recent_periods_avg": 2.4,
        "historical_min": 0,
        "historical_max": 4
    },
    "8": {
        "mean": 1.9666666666666666,
        "std": 1.27758452644912,
        "recent_periods_avg": 2.2,
        "historical_min": 0,
        "historical_max": 5
    },
    "9": {
        "mean": 1.9,
        "std": 1.011599393699568,
        "recent_periods_avg": 2.0,
        "historical_min": 0,
        "historical_max": 5
    }
}