{
    "0": {
        "mean": 2.1666666666666665,
        "std": 1.0979779394667069,
        "recent_periods_avg": 1.8,
        "historical_min": 0,
        "historical_max": 5
    },
    "1": {
        "mean": 1.8666666666666667,
        "std": 0.9910712498212336,
        "recent_periods_avg": 2.2,
        "historical_min": 0,
        "historical_max": 4
    },
    "2": {
        "mean": 2.033333333333333,
        "std": 0.8749603165604459,
        "recent_periods_avg": 1.8,
        "historical_min": 1,
        "historical_max": 4
    },
    "3": {
        "mean": 1.9333333333333333,
        "std": 1.3888444437333105,
        "recent_periods_avg": 2.0,
        "historical_min": 0,
        "historical_max": 5
    },
    "4": {
        "mean": 1.5,
        "std": 0.9219544457292888,
        "recent_periods_avg": 1.0,
        "historical_min": 0,
        "historical_max": 3
    },
    "5": {
        "mean": 2.1333333333333333,
        "std": 1.2310790208412925,
        "recent_periods_avg": 2.8,
        "historical_min": 0,
        "historical_max": 4
    },
    "6": {
        "mean": 2.533333333333333,
        "std": 1.0873004286866728,
        "recent_periods_avg": 2.2,
        "historical_min": 1,
        "historical_max": 6
    },
    "7": {
        "mean": 1.8666666666666667,
        "std": 1.024152766382481,
        "recent_periods_avg": 1.8,
        "historical_min": 0,
        "historical_max": 4
    },
    "8": {
        "mean": 1.9666666666666666,
        "std": 1.1967548714010827,
        "recent_periods_avg": 2.4,
        "historical_min": 0,
        "historical_max": 5
    },
    "9": {
        "mean": 2.0,
        "std": 0.9660917830792959,
        "recent_periods_avg": 2.0,
        "historical_min": 0,
        "historical_max": 4
    }
}