{
    "0": {
        "mean": 2.1333333333333333,
        "std": 1.2310790208412925,
        "recent_periods_avg": 1.8,
        "historical_min": 0,
        "historical_max": 5
    },
    "1": {
        "mean": 2.1333333333333333,
        "std": 1.1756794725698931,
        "recent_periods_avg": 2.2,
        "historical_min": 0,
        "historical_max": 4
    },
    "2": {
        "mean": 2.1,
        "std": 1.16476034731041,
        "recent_periods_avg": 2.0,
        "historical_min": 0,
        "historical_max": 5
    },
    "3": {
        "mean": 1.9,
        "std": 1.3,
        "recent_periods_avg": 1.2,
        "historical_min": 0,
        "historical_max": 5
    },
    "4": {
        "mean": 1.7,
        "std": 1.2948616399703354,
        "recent_periods_avg": 1.8,
        "historical_min": 0,
        "historical_max": 4
    },
    "5": {
        "mean": 1.9666666666666666,
        "std": 1.1396880664852505,
        "recent_periods_avg": 3.0,
        "historical_min": 0,
        "historical_max": 4
    },
    "6": {
        "mean": 2.4,
        "std": 1.3316656236958786,
        "recent_periods_avg": 2.8,
        "historical_min": 1,
        "historical_max": 6
    },
    "7": {
        "mean": 1.8666666666666667,
        "std": 1.2578641509408803,
        "recent_periods_avg": 1.4,
        "historical_min": 0,
        "historical_max": 5
    },
    "8": {
        "mean": 1.9666666666666666,
        "std": 1.3034143197344765,
        "recent_periods_avg": 1.6,
        "historical_min": 0,
        "historical_max": 5
    },
    "9": {
        "mean": 1.8333333333333333,
        "std": 1.1855612829185826,
        "recent_periods_avg": 2.2,
        "historical_min": 0,
        "historical_max": 5
    }
}