{
    "0": {
        "mean": 2.066666666666667,
        "std": 0.9285592184789413,
        "recent_periods_avg": 2.0,
        "historical_min": 0,
        "historical_max": 4
    },
    "1": {
        "mean": 1.8666666666666667,
        "std": 1.0561986345169907,
        "recent_periods_avg": 2.8,
        "historical_min": 0,
        "historical_max": 4
    },
    "2": {
        "mean": 2.033333333333333,
        "std": 0.8359957469322967,
        "recent_periods_avg": 2.2,
        "historical_min": 1,
        "historical_max": 4
    },
    "3": {
        "mean": 2.1,
        "std": 1.3253930234714029,
        "recent_periods_avg": 2.2,
        "historical_min": 0,
        "historical_max": 5
    },
    "4": {
        "mean": 1.4,
        "std": 0.9865765724632495,
        "recent_periods_avg": 1.2,
        "historical_min": 0,
        "historical_max": 3
    },
    "5": {
        "mean": 2.1666666666666665,
        "std": 1.2133516482134197,
        "recent_periods_avg": 2.2,
        "historical_min": 0,
        "historical_max": 4
    },
    "6": {
        "mean": 2.433333333333333,
        "std": 1.1160446028522135,
        "recent_periods_avg": 2.2,
        "historical_min": 0,
        "historical_max": 6
    },
    "7": {
        "mean": 2.1,
        "std": 1.2476644848141936,
        "recent_periods_avg": 2.8,
        "historical_min": 0,
        "historical_max": 5
    },
    "8": {
        "mean": 2.0,
        "std": 1.1547005383792515,
        "recent_periods_avg": 1.2,
        "historical_min": 0,
        "historical_max": 5
    },
    "9": {
        "mean": 1.8333333333333333,
        "std": 1.002773930432755,
        "recent_periods_avg": 1.2,
        "historical_min": 0,
        "historical_max": 3
    }
}