{
    "0": {
        "mean": 2.3,
        "std": 1.2948616399703354,
        "recent_periods_avg": 1.4,
        "historical_min": 0,
        "historical_max": 5
    },
    "1": {
        "mean": 2.3333333333333335,
        "std": 1.1055415967851334,
        "recent_periods_avg": 1.8,
        "historical_min": 0,
        "historical_max": 5
    },
    "2": {
        "mean": 2.8333333333333335,
        "std": 1.2671051872498809,
        "recent_periods_avg": 3.4,
        "historical_min": 1,
        "historical_max": 6
    },
    "3": {
        "mean": 2.1333333333333333,
        "std": 1.0241527663824812,
        "recent_periods_avg": 2.8,
        "historical_min": 0,
        "historical_max": 4
    },
    "4": {
        "mean": 2.466666666666667,
        "std": 1.2310790208412925,
        "recent_periods_avg": 2.4,
        "historical_min": 0,
        "historical_max": 5
    },
    "5": {
        "mean": 2.8333333333333335,
        "std": 1.6141733350404335,
        "recent_periods_avg": 3.2,
        "historical_min": 0,
        "historical_max": 6
    },
    "6": {
        "mean": 2.433333333333333,
        "std": 0.989388138643722,
        "recent_periods_avg": 2.6,
        "historical_min": 1,
        "historical_max": 4
    },
    "7": {
        "mean": 2.3,
        "std": 1.2688577540449522,
        "recent_periods_avg": 2.2,
        "historical_min": 0,
        "historical_max": 5
    },
    "8": {
        "mean": 0.36666666666666664,
        "std": 0.48189440982669857,
        "recent_periods_avg": 0.2,
        "historical_min": 0,
        "historical_max": 1
    }
}