{
    "0": {
        "mean": 2.1333333333333333,
        "std": 1.284090685617215,
        "recent_periods_avg": 0.6,
        "historical_min": 0,
        "historical_max": 5
    },
    "1": {
        "mean": 2.433333333333333,
        "std": 0.9893881386437221,
        "recent_periods_avg": 2.0,
        "historical_min": 1,
        "historical_max": 5
    },
    "2": {
        "mean": 2.8666666666666667,
        "std": 1.3097921802925667,
        "recent_periods_avg": 2.4,
        "historical_min": 1,
        "historical_max": 6
    },
    "3": {
        "mean": 2.1333333333333333,
        "std": 0.9910712498212337,
        "recent_periods_avg": 3.0,
        "historical_min": 0,
        "historical_max": 4
    },
    "4": {
        "mean": 2.466666666666667,
        "std": 1.3349989596333858,
        "recent_periods_avg": 2.6,
        "historical_min": 0,
        "historical_max": 5
    },
    "5": {
        "mean": 2.8333333333333335,
        "std": 1.6947631758514883,
        "recent_periods_avg": 3.8,
        "historical_min": 0,
        "historical_max": 6
    },
    "6": {
        "mean": 2.4,
        "std": 1.019803902718557,
        "recent_periods_avg": 2.2,
        "historical_min": 1,
        "historical_max": 4
    },
    "7": {
        "mean": 2.3666666666666667,
        "std": 1.32874209519965,
        "recent_periods_avg": 3.4,
        "historical_min": 0,
        "historical_max": 5
    },
    "8": {
        "mean": 0.36666666666666664,
        "std": 0.48189440982669857,
        "recent_periods_avg": 0.0,
        "historical_min": 0,
        "historical_max": 1
    }
}