{
    "0": {
        "mean": 2.3,
        "std": 1.1298967504452195,
        "recent_periods_avg": 2.6,
        "historical_min": 0,
        "historical_max": 5
    },
    "1": {
        "mean": 1.9,
        "std": 1.0754843869934452,
        "recent_periods_avg": 1.4,
        "historical_min": 0,
        "historical_max": 4
    },
    "2": {
        "mean": 1.9333333333333333,
        "std": 1.0306416555826872,
        "recent_periods_avg": 2.0,
        "historical_min": 0,
        "historical_max": 4
    },
    "3": {
        "mean": 1.9666666666666666,
        "std": 1.4255603186895396,
        "recent_periods_avg": 1.8,
        "historical_min": 0,
        "historical_max": 5
    },
    "4": {
        "mean": 2.0,
        "std": 0.9309493362512627,
        "recent_periods_avg": 1.4,
        "historical_min": 0,
        "historical_max": 4
    },
    "5": {
        "mean": 1.8333333333333333,
        "std": 1.1279282877125754,
        "recent_periods_avg": 2.2,
        "historical_min": 0,
        "historical_max": 4
    },
    "6": {
        "mean": 1.9,
        "std": 1.3503086067019396,
        "recent_periods_avg": 2.8,
        "historical_min": 0,
        "historical_max": 6
    },
    "7": {
        "mean": 2.033333333333333,
        "std": 0.9480975102218595,
        "recent_periods_avg": 1.8,
        "historical_min": 0,
        "historical_max": 4
    },
    "8": {
        "mean": 2.1333333333333333,
        "std": 1.4772346537440226,
        "recent_periods_avg": 1.8,
        "historical_min": 0,
        "historical_max": 7
    },
    "9": {
        "mean": 2.0,
        "std": 1.0327955589886444,
        "recent_periods_avg": 2.2,
        "historical_min": 0,
        "historical_max": 4
    }
}