{
    "0": {
        "mean": 2.1333333333333333,
        "std": 1.2840906856172147,
        "recent_periods_avg": 2.4,
        "historical_min": 0,
        "historical_max": 5
    },
    "1": {
        "mean": 2.566666666666667,
        "std": 1.1455226851626388,
        "recent_periods_avg": 2.6,
        "historical_min": 0,
        "historical_max": 5
    },
    "2": {
        "mean": 2.566666666666667,
        "std": 1.174260996920569,
        "recent_periods_avg": 2.6,
        "historical_min": 1,
        "historical_max": 5
    },
    "3": {
        "mean": 2.6666666666666665,
        "std": 1.4681810363696828,
        "recent_periods_avg": 2.8,
        "historical_min": 0,
        "historical_max": 6
    },
    "4": {
        "mean": 2.4,
        "std": 1.083205120618128,
        "recent_periods_avg": 2.2,
        "historical_min": 0,
        "historical_max": 4
    },
    "5": {
        "mean": 2.533333333333333,
        "std": 1.4079141387961918,
        "recent_periods_avg": 2.6,
        "historical_min": 0,
        "historical_max": 5
    },
    "6": {
        "mean": 2.3666666666666667,
        "std": 1.015983376941878,
        "recent_periods_avg": 2.2,
        "historical_min": 0,
        "historical_max": 4
    },
    "7": {
        "mean": 2.3333333333333335,
        "std": 1.07496769977314,
        "recent_periods_avg": 2.0,
        "historical_min": 1,
        "historical_max": 5
    },
    "8": {
        "mean": 0.43333333333333335,
        "std": 0.4955356249106168,
        "recent_periods_avg": 0.6,
        "historical_min": 0,
        "historical_max": 1
    }
}