{
    "0": {
        "mean": 2.3,
        "std": 1.1,
        "recent_periods_avg": 2.2,
        "historical_min": 0,
        "historical_max": 4
    },
    "1": {
        "mean": 2.6,
        "std": 1.380821011813865,
        "recent_periods_avg": 3.2,
        "historical_min": 0,
        "historical_max": 6
    },
    "2": {
        "mean": 2.433333333333333,
        "std": 1.0225241100118645,
        "recent_periods_avg": 2.0,
        "historical_min": 1,
        "historical_max": 4
    },
    "3": {
        "mean": 2.466666666666667,
        "std": 1.2840906856172147,
        "recent_periods_avg": 2.2,
        "historical_min": 0,
        "historical_max": 6
    },
    "4": {
        "mean": 2.2,
        "std": 1.16619037896906,
        "recent_periods_avg": 2.4,
        "historical_min": 0,
        "historical_max": 4
    },
    "5": {
        "mean": 2.7666666666666666,
        "std": 1.2297244497131143,
        "recent_periods_avg": 2.6,
        "historical_min": 1,
        "historical_max": 5
    },
    "6": {
        "mean": 2.1333333333333333,
        "std": 0.9568466729604882,
        "recent_periods_avg": 2.2,
        "historical_min": 1,
        "historical_max": 4
    },
    "7": {
        "mean": 2.8,
        "std": 1.351542328847553,
        "recent_periods_avg": 3.0,
        "historical_min": 0,
        "historical_max": 5
    },
    "8": {
        "mean": 0.3,
        "std": 0.45825756949558394,
        "recent_periods_avg": 0.2,
        "historical_min": 0,
        "historical_max": 1
    }
}