{
    "0": {
        "mean": 2.2666666666666666,
        "std": 1.1234866364235143,
        "recent_periods_avg": 3.0,
        "historical_min": 0,
        "historical_max": 5
    },
    "1": {
        "mean": 1.9333333333333333,
        "std": 1.0624918300339485,
        "recent_periods_avg": 1.4,
        "historical_min": 0,
        "historical_max": 4
    },
    "2": {
        "mean": 2.033333333333333,
        "std": 1.0796089827134432,
        "recent_periods_avg": 2.2,
        "historical_min": 0,
        "historical_max": 4
    },
    "3": {
        "mean": 1.9,
        "std": 1.4224392195567914,
        "recent_periods_avg": 1.2,
        "historical_min": 0,
        "historical_max": 5
    },
    "4": {
        "mean": 2.0,
        "std": 1.0,
        "recent_periods_avg": 1.8,
        "historical_min": 0,
        "historical_max": 4
    },
    "5": {
        "mean": 1.9,
        "std": 1.22065556157337,
        "recent_periods_avg": 2.2,
        "historical_min": 0,
        "historical_max": 4
    },
    "6": {
        "mean": 1.8333333333333333,
        "std": 1.2931443160847216,
        "recent_periods_avg": 3.0,
        "historical_min": 0,
        "historical_max": 6
    },
    "7": {
        "mean": 2.0,
        "std": 0.8944271909999159,
        "recent_periods_avg": 1.4,
        "historical_min": 0,
        "historical_max": 4
    },
    "8": {
        "mean": 2.1333333333333333,
        "std": 1.4996295838935991,
        "recent_periods_avg": 2.0,
        "historical_min": 0,
        "historical_max": 7
    },
    "9": {
        "mean": 2.0,
        "std": 1.0327955589886444,
        "recent_periods_avg": 1.8,
        "historical_min": 0,
        "historical_max": 4
    }
}