{
    "0": {
        "mean": 2.1333333333333333,
        "std": 1.2578641509408808,
        "recent_periods_avg": 1.2,
        "historical_min": 0,
        "historical_max": 5
    },
    "1": {
        "mean": 2.033333333333333,
        "std": 1.3535960336164634,
        "recent_periods_avg": 2.6,
        "historical_min": 0,
        "historical_max": 5
    },
    "2": {
        "mean": 1.9666666666666666,
        "std": 1.168569876197207,
        "recent_periods_avg": 2.2,
        "historical_min": 0,
        "historical_max": 4
    },
    "3": {
        "mean": 2.1,
        "std": 1.274100990241093,
        "recent_periods_avg": 3.0,
        "historical_min": 0,
        "historical_max": 5
    },
    "4": {
        "mean": 1.6666666666666667,
        "std": 1.2202003478482086,
        "recent_periods_avg": 2.2,
        "historical_min": 0,
        "historical_max": 4
    },
    "5": {
        "mean": 2.3666666666666667,
        "std": 1.3287420951996498,
        "recent_periods_avg": 1.4,
        "historical_min": 0,
        "historical_max": 5
    },
    "6": {
        "mean": 2.1666666666666665,
        "std": 1.097977939466707,
        "recent_periods_avg": 1.2,
        "historical_min": 1,
        "historical_max": 5
    },
    "7": {
        "mean": 1.5666666666666667,
        "std": 0.9893881386437221,
        "recent_periods_avg": 2.0,
        "historical_min": 0,
        "historical_max": 3
    },
    "8": {
        "mean": 2.1333333333333333,
        "std": 1.2310790208412925,
        "recent_periods_avg": 1.8,
        "historical_min": 0,
        "historical_max": 5
    },
    "9": {
        "mean": 1.8666666666666667,
        "std": 1.1175369742826806,
        "recent_periods_avg": 2.4,
        "historical_min": 0,
        "historical_max": 5
    }
}