{
    "0": {
        "mean": 2.0,
        "std": 1.0327955589886444,
        "recent_periods_avg": 1.8,
        "historical_min": 0,
        "historical_max": 4
    },
    "1": {
        "mean": 2.566666666666667,
        "std": 1.0546194679704248,
        "recent_periods_avg": 3.0,
        "historical_min": 1,
        "historical_max": 5
    },
    "2": {
        "mean": 2.8,
        "std": 1.2754084313139327,
        "recent_periods_avg": 2.4,
        "historical_min": 1,
        "historical_max": 6
    },
    "3": {
        "mean": 2.3333333333333335,
        "std": 0.8692269873603531,
        "recent_periods_avg": 2.2,
        "historical_min": 1,
        "historical_max": 4
    },
    "4": {
        "mean": 2.466666666666667,
        "std": 1.4079141387961918,
        "recent_periods_avg": 3.0,
        "historical_min": 0,
        "historical_max": 6
    },
    "5": {
        "mean": 2.6,
        "std": 1.6041612554021285,
        "recent_periods_avg": 2.0,
        "historical_min": 0,
        "historical_max": 6
    },
    "6": {
        "mean": 2.3,
        "std": 1.1298967504452198,
        "recent_periods_avg": 2.4,
        "historical_min": 0,
        "historical_max": 4
    },
    "7": {
        "mean": 2.533333333333333,
        "std": 1.2578641509408806,
        "recent_periods_avg": 3.0,
        "historical_min": 0,
        "historical_max": 5
    },
    "8": {
        "mean": 0.4,
        "std": 0.48989794855663565,
        "recent_periods_avg": 0.2,
        "historical_min": 0,
        "historical_max": 1
    }
}