{
    "0": {
        "mean": 2.2,
        "std": 1.3266499161421597,
        "recent_periods_avg": 2.0,
        "historical_min": 0,
        "historical_max": 5
    },
    "1": {
        "mean": 2.033333333333333,
        "std": 1.168569876197207,
        "recent_periods_avg": 1.2,
        "historical_min": 0,
        "historical_max": 4
    },
    "2": {
        "mean": 2.066666666666667,
        "std": 1.1234866364235145,
        "recent_periods_avg": 2.4,
        "historical_min": 0,
        "historical_max": 5
    },
    "3": {
        "mean": 1.9666666666666666,
        "std": 1.3034143197344765,
        "recent_periods_avg": 2.0,
        "historical_min": 0,
        "historical_max": 5
    },
    "4": {
        "mean": 1.5666666666666667,
        "std": 1.2565384549980507,
        "recent_periods_avg": 1.8,
        "historical_min": 0,
        "historical_max": 4
    },
    "5": {
        "mean": 2.0,
        "std": 1.1254628677422756,
        "recent_periods_avg": 2.4,
        "historical_min": 0,
        "historical_max": 4
    },
    "6": {
        "mean": 2.4,
        "std": 1.3316656236958786,
        "recent_periods_avg": 2.8,
        "historical_min": 1,
        "historical_max": 6
    },
    "7": {
        "mean": 1.8333333333333333,
        "std": 1.2671051872498809,
        "recent_periods_avg": 1.0,
        "historical_min": 0,
        "historical_max": 5
    },
    "8": {
        "mean": 2.066666666666667,
        "std": 1.339983416149452,
        "recent_periods_avg": 1.8,
        "historical_min": 0,
        "historical_max": 5
    },
    "9": {
        "mean": 1.8666666666666667,
        "std": 1.1756794725698934,
        "recent_periods_avg": 2.6,
        "historical_min": 0,
        "historical_max": 5
    }
}