{
    "0": {
        "mean": 2.1,
        "std": 1.044030650891055,
        "recent_periods_avg": 2.0,
        "historical_min": 0,
        "historical_max": 4
    },
    "1": {
        "mean": 2.2666666666666666,
        "std": 1.4360439485692011,
        "recent_periods_avg": 1.6,
        "historical_min": 0,
        "historical_max": 6
    },
    "2": {
        "mean": 2.566666666666667,
        "std": 0.9195409482755815,
        "recent_periods_avg": 2.6,
        "historical_min": 1,
        "historical_max": 4
    },
    "3": {
        "mean": 2.6333333333333333,
        "std": 1.53803626600791,
        "recent_periods_avg": 2.4,
        "historical_min": 0,
        "historical_max": 6
    },
    "4": {
        "mean": 2.433333333333333,
        "std": 1.2297244497131143,
        "recent_periods_avg": 2.8,
        "historical_min": 0,
        "historical_max": 5
    },
    "5": {
        "mean": 2.7,
        "std": 1.2688577540449522,
        "recent_periods_avg": 3.2,
        "historical_min": 0,
        "historical_max": 5
    },
    "6": {
        "mean": 2.1,
        "std": 1.044030650891055,
        "recent_periods_avg": 2.0,
        "historical_min": 0,
        "historical_max": 4
    },
    "7": {
        "mean": 2.933333333333333,
        "std": 1.364632632697248,
        "recent_periods_avg": 3.2,
        "historical_min": 0,
        "historical_max": 6
    },
    "8": {
        "mean": 0.26666666666666666,
        "std": 0.4422166387140533,
        "recent_periods_avg": 0.2,
        "historical_min": 0,
        "historical_max": 1
    }
}