{
    "0": {
        "mean": 2.3,
        "std": 1.1874342087037917,
        "recent_periods_avg": 1.6,
        "historical_min": 0,
        "historical_max": 5
    },
    "1": {
        "mean": 2.5,
        "std": 1.4548768561863463,
        "recent_periods_avg": 3.2,
        "historical_min": 0,
        "historical_max": 6
    },
    "2": {
        "mean": 2.533333333333333,
        "std": 1.0561986345169907,
        "recent_periods_avg": 2.8,
        "historical_min": 1,
        "historical_max": 4
    },
    "3": {
        "mean": 2.533333333333333,
        "std": 1.6069294390925266,
        "recent_periods_avg": 2.6,
        "historical_min": 0,
        "historical_max": 6
    },
    "4": {
        "mean": 2.2333333333333334,
        "std": 1.1455226851626388,
        "recent_periods_avg": 2.0,
        "historical_min": 0,
        "historical_max": 4
    },
    "5": {
        "mean": 2.8666666666666667,
        "std": 1.2840906856172147,
        "recent_periods_avg": 2.6,
        "historical_min": 1,
        "historical_max": 5
    },
    "6": {
        "mean": 2.1,
        "std": 0.9073771725877467,
        "recent_periods_avg": 1.8,
        "historical_min": 1,
        "historical_max": 4
    },
    "7": {
        "mean": 2.6333333333333333,
        "std": 1.1396880664852507,
        "recent_periods_avg": 3.0,
        "historical_min": 0,
        "historical_max": 5
    },
    "8": {
        "mean": 0.3,
        "std": 0.45825756949558394,
        "recent_periods_avg": 0.4,
        "historical_min": 0,
        "historical_max": 1
    }
}