{
    "0": {
        "mean": 2.3666666666666667,
        "std": 1.110055053689781,
        "recent_periods_avg": 2.0,
        "historical_min": 0,
        "historical_max": 5
    },
    "1": {
        "mean": 1.7666666666666666,
        "std": 1.0546194679704248,
        "recent_periods_avg": 2.0,
        "historical_min": 0,
        "historical_max": 4
    },
    "2": {
        "mean": 1.9666666666666666,
        "std": 0.9480975102218594,
        "recent_periods_avg": 1.8,
        "historical_min": 0,
        "historical_max": 4
    },
    "3": {
        "mean": 1.6666666666666667,
        "std": 1.1352924243950935,
        "recent_periods_avg": 2.2,
        "historical_min": 0,
        "historical_max": 5
    },
    "4": {
        "mean": 1.7666666666666666,
        "std": 0.989388138643722,
        "recent_periods_avg": 1.4,
        "historical_min": 0,
        "historical_max": 4
    },
    "5": {
        "mean": 2.033333333333333,
        "std": 1.0482790129010926,
        "recent_periods_avg": 2.6,
        "historical_min": 0,
        "historical_max": 4
    },
    "6": {
        "mean": 2.1666666666666665,
        "std": 1.2671051872498806,
        "recent_periods_avg": 2.4,
        "historical_min": 0,
        "historical_max": 6
    },
    "7": {
        "mean": 2.0,
        "std": 0.9309493362512627,
        "recent_periods_avg": 2.2,
        "historical_min": 0,
        "historical_max": 4
    },
    "8": {
        "mean": 2.1666666666666665,
        "std": 1.4851112939963644,
        "recent_periods_avg": 1.2,
        "historical_min": 0,
        "historical_max": 7
    },
    "9": {
        "mean": 2.1,
        "std": 0.9780933834080807,
        "recent_periods_avg": 2.2,
        "historical_min": 0,
        "historical_max": 4
    }
}