{
    "0": {
        "mean": 2.066666666666667,
        "std": 0.9977753031397176,
        "recent_periods_avg": 2.2,
        "historical_min": 0,
        "historical_max": 4
    },
    "1": {
        "mean": 1.9666666666666666,
        "std": 1.015983376941878,
        "recent_periods_avg": 2.4,
        "historical_min": 0,
        "historical_max": 4
    },
    "2": {
        "mean": 2.1,
        "std": 0.9073771725877467,
        "recent_periods_avg": 2.4,
        "historical_min": 1,
        "historical_max": 4
    },
    "3": {
        "mean": 2.1,
        "std": 1.3503086067019396,
        "recent_periods_avg": 2.2,
        "historical_min": 0,
        "historical_max": 5
    },
    "4": {
        "mean": 1.4,
        "std": 0.9865765724632495,
        "recent_periods_avg": 1.2,
        "historical_min": 0,
        "historical_max": 3
    },
    "5": {
        "mean": 2.2666666666666666,
        "std": 1.2092238098144703,
        "recent_periods_avg": 2.8,
        "historical_min": 0,
        "historical_max": 4
    },
    "6": {
        "mean": 2.466666666666667,
        "std": 1.1469767022723503,
        "recent_periods_avg": 2.8,
        "historical_min": 0,
        "historical_max": 6
    },
    "7": {
        "mean": 2.066666666666667,
        "std": 1.2631530214330944,
        "recent_periods_avg": 2.2,
        "historical_min": 0,
        "historical_max": 5
    },
    "8": {
        "mean": 1.7666666666666666,
        "std": 1.1742609969205693,
        "recent_periods_avg": 0.4,
        "historical_min": 0,
        "historical_max": 5
    },
    "9": {
        "mean": 1.8,
        "std": 1.0132456102380443,
        "recent_periods_avg": 1.4,
        "historical_min": 0,
        "historical_max": 3
    }
}