{
    "0": {
        "mean": 2.1333333333333333,
        "std": 1.0561986345169907,
        "recent_periods_avg": 2.6,
        "historical_min": 0,
        "historical_max": 4
    },
    "1": {
        "mean": 2.1,
        "std": 1.1647603473104098,
        "recent_periods_avg": 2.2,
        "historical_min": 0,
        "historical_max": 5
    },
    "2": {
        "mean": 2.5,
        "std": 1.2583057392117916,
        "recent_periods_avg": 2.4,
        "historical_min": 1,
        "historical_max": 6
    },
    "3": {
        "mean": 2.533333333333333,
        "std": 1.4079141387961918,
        "recent_periods_avg": 1.8,
        "historical_min": 0,
        "historical_max": 6
    },
    "4": {
        "mean": 2.8333333333333335,
        "std": 1.0354816378006044,
        "recent_periods_avg": 3.0,
        "historical_min": 1,
        "historical_max": 5
    },
    "5": {
        "mean": 2.6666666666666665,
        "std": 1.299572579307862,
        "recent_periods_avg": 2.6,
        "historical_min": 0,
        "historical_max": 5
    },
    "6": {
        "mean": 2.466666666666667,
        "std": 1.024152766382481,
        "recent_periods_avg": 2.6,
        "historical_min": 0,
        "historical_max": 5
    },
    "7": {
        "mean": 2.533333333333333,
        "std": 1.4544949486180951,
        "recent_periods_avg": 2.6,
        "historical_min": 0,
        "historical_max": 6
    },
    "8": {
        "mean": 0.23333333333333334,
        "std": 0.4229525846816506,
        "recent_periods_avg": 0.2,
        "historical_min": 0,
        "historical_max": 1
    }
}