{
    "0": {
        "mean": 2.1666666666666665,
        "std": 1.0354816378006044,
        "recent_periods_avg": 3.2,
        "historical_min": 0,
        "historical_max": 4
    },
    "1": {
        "mean": 2.1,
        "std": 1.1647603473104098,
        "recent_periods_avg": 1.8,
        "historical_min": 0,
        "historical_max": 5
    },
    "2": {
        "mean": 2.533333333333333,
        "std": 1.2578641509408806,
        "recent_periods_avg": 2.4,
        "historical_min": 1,
        "historical_max": 6
    },
    "3": {
        "mean": 2.6333333333333333,
        "std": 1.4019827229875395,
        "recent_periods_avg": 2.0,
        "historical_min": 0,
        "historical_max": 6
    },
    "4": {
        "mean": 2.8,
        "std": 0.9797958971132712,
        "recent_periods_avg": 2.6,
        "historical_min": 1,
        "historical_max": 5
    },
    "5": {
        "mean": 2.7,
        "std": 1.3203534880225574,
        "recent_periods_avg": 2.6,
        "historical_min": 0,
        "historical_max": 5
    },
    "6": {
        "mean": 2.4,
        "std": 1.051982255870633,
        "recent_periods_avg": 2.4,
        "historical_min": 0,
        "historical_max": 5
    },
    "7": {
        "mean": 2.433333333333333,
        "std": 1.5205992970609392,
        "recent_periods_avg": 2.8,
        "historical_min": 0,
        "historical_max": 6
    },
    "8": {
        "mean": 0.23333333333333334,
        "std": 0.4229525846816506,
        "recent_periods_avg": 0.2,
        "historical_min": 0,
        "historical_max": 1
    }
}