{
    "0": {
        "mean": 2.566666666666667,
        "std": 1.6468825769380833,
        "recent_periods_avg": 2.2,
        "historical_min": 0,
        "historical_max": 7
    },
    "1": {
        "mean": 1.7333333333333334,
        "std": 1.0624918300339483,
        "recent_periods_avg": 1.4,
        "historical_min": 0,
        "historical_max": 5
    },
    "2": {
        "mean": 1.7333333333333334,
        "std": 1.1234866364235145,
        "recent_periods_avg": 1.2,
        "historical_min": 0,
        "historical_max": 4
    },
    "3": {
        "mean": 1.9333333333333333,
        "std": 1.1234866364235145,
        "recent_periods_avg": 1.8,
        "historical_min": 0,
        "historical_max": 4
    },
    "4": {
        "mean": 2.0,
        "std": 1.0954451150103321,
        "recent_periods_avg": 2.2,
        "historical_min": 0,
        "historical_max": 4
    },
    "5": {
        "mean": 2.2,
        "std": 1.2489995996796797,
        "recent_periods_avg": 2.6,
        "historical_min": 0,
        "historical_max": 5
    },
    "6": {
        "mean": 1.6,
        "std": 1.2806248474865696,
        "recent_periods_avg": 1.8,
        "historical_min": 0,
        "historical_max": 5
    },
    "7": {
        "mean": 1.7333333333333334,
        "std": 1.2364824660660938,
        "recent_periods_avg": 1.8,
        "historical_min": 0,
        "historical_max": 6
    },
    "8": {
        "mean": 2.3666666666666667,
        "std": 1.0796089827134432,
        "recent_periods_avg": 2.0,
        "historical_min": 0,
        "historical_max": 4
    },
    "9": {
        "mean": 2.1333333333333333,
        "std": 0.9910712498212337,
        "recent_periods_avg": 3.0,
        "historical_min": 0,
        "historical_max": 4
    }
}