{
    "0": {
        "mean": 2.2,
        "std": 1.1944315244779276,
        "recent_periods_avg": 2.2,
        "historical_min": 0,
        "historical_max": 5
    },
    "1": {
        "mean": 2.3333333333333335,
        "std": 1.164283279771532,
        "recent_periods_avg": 2.2,
        "historical_min": 0,
        "historical_max": 4
    },
    "2": {
        "mean": 2.1,
        "std": 1.1647603473104098,
        "recent_periods_avg": 1.6,
        "historical_min": 0,
        "historical_max": 5
    },
    "3": {
        "mean": 1.9,
        "std": 1.3253930234714029,
        "recent_periods_avg": 1.8,
        "historical_min": 0,
        "historical_max": 5
    },
    "4": {
        "mean": 1.7333333333333334,
        "std": 1.339983416149452,
        "recent_periods_avg": 1.6,
        "historical_min": 0,
        "historical_max": 4
    },
    "5": {
        "mean": 1.8333333333333333,
        "std": 1.1279282877125754,
        "recent_periods_avg": 2.6,
        "historical_min": 0,
        "historical_max": 4
    },
    "6": {
        "mean": 2.1333333333333333,
        "std": 1.2840906856172147,
        "recent_periods_avg": 1.8,
        "historical_min": 0,
        "historical_max": 6
    },
    "7": {
        "mean": 1.9333333333333333,
        "std": 1.2092238098144705,
        "recent_periods_avg": 1.6,
        "historical_min": 0,
        "historical_max": 5
    },
    "8": {
        "mean": 2.033333333333333,
        "std": 1.27758452644912,
        "recent_periods_avg": 3.0,
        "historical_min": 0,
        "historical_max": 5
    },
    "9": {
        "mean": 1.8,
        "std": 1.1075498483890767,
        "recent_periods_avg": 1.6,
        "historical_min": 0,
        "historical_max": 4
    }
}