{
    "0": {
        "mean": 2.033333333333333,
        "std": 1.0482790129010924,
        "recent_periods_avg": 2.0,
        "historical_min": 0,
        "historical_max": 4
    },
    "1": {
        "mean": 2.2666666666666666,
        "std": 1.0934146311237816,
        "recent_periods_avg": 1.4,
        "historical_min": 0,
        "historical_max": 4
    },
    "2": {
        "mean": 2.1,
        "std": 1.1647603473104098,
        "recent_periods_avg": 1.8,
        "historical_min": 0,
        "historical_max": 5
    },
    "3": {
        "mean": 1.9333333333333333,
        "std": 1.2892719737209144,
        "recent_periods_avg": 2.8,
        "historical_min": 0,
        "historical_max": 5
    },
    "4": {
        "mean": 1.9333333333333333,
        "std": 1.2631530214330944,
        "recent_periods_avg": 2.6,
        "historical_min": 0,
        "historical_max": 4
    },
    "5": {
        "mean": 1.8333333333333333,
        "std": 1.1279282877125754,
        "recent_periods_avg": 1.0,
        "historical_min": 0,
        "historical_max": 4
    },
    "6": {
        "mean": 2.1,
        "std": 1.3,
        "recent_periods_avg": 2.2,
        "historical_min": 0,
        "historical_max": 6
    },
    "7": {
        "mean": 1.9333333333333333,
        "std": 1.18133634311129,
        "recent_periods_avg": 2.0,
        "historical_min": 0,
        "historical_max": 5
    },
    "8": {
        "mean": 1.9,
        "std": 1.2476644848141936,
        "recent_periods_avg": 2.6,
        "historical_min": 0,
        "historical_max": 5
    },
    "9": {
        "mean": 1.9666666666666666,
        "std": 1.2242911781471306,
        "recent_periods_avg": 1.6,
        "historical_min": 0,
        "historical_max": 4
    }
}