{
    "0": {
        "mean": 2.1,
        "std": 1.044030650891055,
        "recent_periods_avg": 2.2,
        "historical_min": 0,
        "historical_max": 4
    },
    "1": {
        "mean": 2.2666666666666666,
        "std": 1.0934146311237816,
        "recent_periods_avg": 1.6,
        "historical_min": 0,
        "historical_max": 4
    },
    "2": {
        "mean": 2.1666666666666665,
        "std": 1.2133516482134197,
        "recent_periods_avg": 2.2,
        "historical_min": 0,
        "historical_max": 5
    },
    "3": {
        "mean": 2.0,
        "std": 1.2382783747337807,
        "recent_periods_avg": 2.8,
        "historical_min": 0,
        "historical_max": 5
    },
    "4": {
        "mean": 1.8,
        "std": 1.2489995996796797,
        "recent_periods_avg": 2.4,
        "historical_min": 0,
        "historical_max": 4
    },
    "5": {
        "mean": 1.8666666666666667,
        "std": 1.0873004286866725,
        "recent_periods_avg": 0.8,
        "historical_min": 0,
        "historical_max": 4
    },
    "6": {
        "mean": 2.1,
        "std": 1.3,
        "recent_periods_avg": 2.4,
        "historical_min": 0,
        "historical_max": 6
    },
    "7": {
        "mean": 1.9666666666666666,
        "std": 1.1685698761972068,
        "recent_periods_avg": 2.0,
        "historical_min": 0,
        "historical_max": 5
    },
    "8": {
        "mean": 1.8333333333333333,
        "std": 1.2405196043952265,
        "recent_periods_avg": 2.4,
        "historical_min": 0,
        "historical_max": 5
    },
    "9": {
        "mean": 1.9,
        "std": 1.16476034731041,
        "recent_periods_avg": 1.2,
        "historical_min": 0,
        "historical_max": 4
    }
}