{
    "0": {
        "mean": 2.3,
        "std": 1.242309676905615,
        "recent_periods_avg": 2.4,
        "historical_min": 1,
        "historical_max": 5
    },
    "1": {
        "mean": 1.8666666666666667,
        "std": 1.3097921802925667,
        "recent_periods_avg": 2.0,
        "historical_min": 0,
        "historical_max": 5
    },
    "2": {
        "mean": 1.9666666666666666,
        "std": 1.1100550536897806,
        "recent_periods_avg": 2.2,
        "historical_min": 0,
        "historical_max": 4
    },
    "3": {
        "mean": 2.066666666666667,
        "std": 1.1813363431112902,
        "recent_periods_avg": 2.0,
        "historical_min": 0,
        "historical_max": 5
    },
    "4": {
        "mean": 1.7,
        "std": 1.268857754044952,
        "recent_periods_avg": 1.6,
        "historical_min": 0,
        "historical_max": 4
    },
    "5": {
        "mean": 2.2666666666666666,
        "std": 1.3148721948877347,
        "recent_periods_avg": 2.2,
        "historical_min": 0,
        "historical_max": 5
    },
    "6": {
        "mean": 2.3666666666666667,
        "std": 1.110055053689781,
        "recent_periods_avg": 2.0,
        "historical_min": 1,
        "historical_max": 5
    },
    "7": {
        "mean": 1.5666666666666667,
        "std": 1.0225241100118645,
        "recent_periods_avg": 1.0,
        "historical_min": 0,
        "historical_max": 3
    },
    "8": {
        "mean": 2.2333333333333334,
        "std": 1.2297244497131146,
        "recent_periods_avg": 2.6,
        "historical_min": 0,
        "historical_max": 5
    },
    "9": {
        "mean": 1.6666666666666667,
        "std": 1.043498389499902,
        "recent_periods_avg": 2.0,
        "historical_min": 0,
        "historical_max": 5
    }
}