{
    "0": {
        "mean": 2.1333333333333333,
        "std": 1.407914138796192,
        "recent_periods_avg": 1.4,
        "historical_min": 0,
        "historical_max": 5
    },
    "1": {
        "mean": 2.533333333333333,
        "std": 1.0561986345169907,
        "recent_periods_avg": 2.6,
        "historical_min": 1,
        "historical_max": 4
    },
    "2": {
        "mean": 2.7666666666666666,
        "std": 1.116044602852214,
        "recent_periods_avg": 3.6,
        "historical_min": 1,
        "historical_max": 5
    },
    "3": {
        "mean": 2.7333333333333334,
        "std": 1.1527744310527053,
        "recent_periods_avg": 3.2,
        "historical_min": 1,
        "historical_max": 5
    },
    "4": {
        "mean": 2.1666666666666665,
        "std": 1.0979779394667069,
        "recent_periods_avg": 2.2,
        "historical_min": 0,
        "historical_max": 4
    },
    "5": {
        "mean": 2.5,
        "std": 1.3601470508735443,
        "recent_periods_avg": 1.4,
        "historical_min": 0,
        "historical_max": 5
    },
    "6": {
        "mean": 2.5,
        "std": 1.0878112581387147,
        "recent_periods_avg": 2.0,
        "historical_min": 0,
        "historical_max": 5
    },
    "7": {
        "mean": 2.2666666666666666,
        "std": 1.1527744310527055,
        "recent_periods_avg": 3.0,
        "historical_min": 0,
        "historical_max": 5
    },
    "8": {
        "mean": 0.4,
        "std": 0.4898979485566357,
        "recent_periods_avg": 0.6,
        "historical_min": 0,
        "historical_max": 1
    }
}