{
    "0": {
        "mean": 2.2333333333333334,
        "std": 1.145522685162639,
        "recent_periods_avg": 2.6,
        "historical_min": 0,
        "historical_max": 5
    },
    "1": {
        "mean": 1.9,
        "std": 1.0754843869934452,
        "recent_periods_avg": 1.6,
        "historical_min": 0,
        "historical_max": 4
    },
    "2": {
        "mean": 1.9333333333333333,
        "std": 1.0306416555826872,
        "recent_periods_avg": 2.0,
        "historical_min": 0,
        "historical_max": 4
    },
    "3": {
        "mean": 1.9333333333333333,
        "std": 1.412641340027806,
        "recent_periods_avg": 1.2,
        "historical_min": 0,
        "historical_max": 5
    },
    "4": {
        "mean": 1.9333333333333333,
        "std": 0.9977753031397177,
        "recent_periods_avg": 1.4,
        "historical_min": 0,
        "historical_max": 4
    },
    "5": {
        "mean": 1.9333333333333333,
        "std": 1.18133634311129,
        "recent_periods_avg": 2.4,
        "historical_min": 0,
        "historical_max": 4
    },
    "6": {
        "mean": 1.9333333333333333,
        "std": 1.339983416149452,
        "recent_periods_avg": 3.2,
        "historical_min": 0,
        "historical_max": 6
    },
    "7": {
        "mean": 2.033333333333333,
        "std": 0.9480975102218595,
        "recent_periods_avg": 2.0,
        "historical_min": 0,
        "historical_max": 4
    },
    "8": {
        "mean": 2.1666666666666665,
        "std": 1.4851112939963644,
        "recent_periods_avg": 1.8,
        "historical_min": 0,
        "historical_max": 7
    },
    "9": {
        "mean": 2.0,
        "std": 1.0327955589886444,
        "recent_periods_avg": 1.8,
        "historical_min": 0,
        "historical_max": 4
    }
}