{
    "0": {
        "mean": 2.066666666666667,
        "std": 1.0934146311237816,
        "recent_periods_avg": 2.0,
        "historical_min": 0,
        "historical_max": 4
    },
    "1": {
        "mean": 2.2666666666666666,
        "std": 1.1527744310527053,
        "recent_periods_avg": 2.8,
        "historical_min": 0,
        "historical_max": 4
    },
    "2": {
        "mean": 2.1,
        "std": 1.2476644848141936,
        "recent_periods_avg": 1.0,
        "historical_min": 0,
        "historical_max": 5
    },
    "3": {
        "mean": 1.8,
        "std": 1.1075498483890767,
        "recent_periods_avg": 1.8,
        "historical_min": 0,
        "historical_max": 4
    },
    "4": {
        "mean": 1.8333333333333333,
        "std": 1.1855612829185826,
        "recent_periods_avg": 1.4,
        "historical_min": 0,
        "historical_max": 4
    },
    "5": {
        "mean": 1.9,
        "std": 1.044030650891055,
        "recent_periods_avg": 1.8,
        "historical_min": 0,
        "historical_max": 4
    },
    "6": {
        "mean": 2.066666666666667,
        "std": 1.2892719737209146,
        "recent_periods_avg": 2.4,
        "historical_min": 0,
        "historical_max": 6
    },
    "7": {
        "mean": 1.9666666666666666,
        "std": 1.1396880664852505,
        "recent_periods_avg": 2.0,
        "historical_min": 0,
        "historical_max": 5
    },
    "8": {
        "mean": 1.9,
        "std": 1.1930353445448854,
        "recent_periods_avg": 2.0,
        "historical_min": 0,
        "historical_max": 5
    },
    "9": {
        "mean": 2.1,
        "std": 1.16476034731041,
        "recent_periods_avg": 2.8,
        "historical_min": 0,
        "historical_max": 4
    }
}