{
    "0": {
        "mean": 2.6,
        "std": 1.624807680927192,
        "recent_periods_avg": 2.6,
        "historical_min": 0,
        "historical_max": 7
    },
    "1": {
        "mean": 1.7333333333333334,
        "std": 1.0624918300339485,
        "recent_periods_avg": 1.0,
        "historical_min": 0,
        "historical_max": 5
    },
    "2": {
        "mean": 1.7333333333333334,
        "std": 1.1234866364235143,
        "recent_periods_avg": 1.6,
        "historical_min": 0,
        "historical_max": 4
    },
    "3": {
        "mean": 1.9,
        "std": 1.1357816691600546,
        "recent_periods_avg": 1.6,
        "historical_min": 0,
        "historical_max": 4
    },
    "4": {
        "mean": 2.0,
        "std": 1.0954451150103321,
        "recent_periods_avg": 2.4,
        "historical_min": 0,
        "historical_max": 4
    },
    "5": {
        "mean": 2.2666666666666666,
        "std": 1.2892719737209144,
        "recent_periods_avg": 2.6,
        "historical_min": 0,
        "historical_max": 5
    },
    "6": {
        "mean": 1.6333333333333333,
        "std": 1.3034143197344767,
        "recent_periods_avg": 2.2,
        "historical_min": 0,
        "historical_max": 5
    },
    "7": {
        "mean": 1.7333333333333334,
        "std": 1.2364824660660936,
        "recent_periods_avg": 1.4,
        "historical_min": 0,
        "historical_max": 6
    },
    "8": {
        "mean": 2.3,
        "std": 1.1,
        "recent_periods_avg": 1.8,
        "historical_min": 0,
        "historical_max": 4
    },
    "9": {
        "mean": 2.1,
        "std": 0.9433981132056604,
        "recent_periods_avg": 2.8,
        "historical_min": 0,
        "historical_max": 4
    }
}