{
    "0": {
        "mean": 2.033333333333333,
        "std": 1.0482790129010926,
        "recent_periods_avg": 1.4,
        "historical_min": 0,
        "historical_max": 4
    },
    "1": {
        "mean": 2.3,
        "std": 1.4177446878757827,
        "recent_periods_avg": 2.0,
        "historical_min": 0,
        "historical_max": 6
    },
    "2": {
        "mean": 2.6,
        "std": 0.9865765724632495,
        "recent_periods_avg": 2.8,
        "historical_min": 1,
        "historical_max": 5
    },
    "3": {
        "mean": 2.466666666666667,
        "std": 1.4079141387961918,
        "recent_periods_avg": 2.6,
        "historical_min": 0,
        "historical_max": 6
    },
    "4": {
        "mean": 2.6,
        "std": 1.2543258481484518,
        "recent_periods_avg": 3.4,
        "historical_min": 0,
        "historical_max": 5
    },
    "5": {
        "mean": 2.6333333333333333,
        "std": 1.1967548714010827,
        "recent_periods_avg": 2.8,
        "historical_min": 0,
        "historical_max": 5
    },
    "6": {
        "mean": 2.3333333333333335,
        "std": 1.1352924243950935,
        "recent_periods_avg": 3.0,
        "historical_min": 0,
        "historical_max": 5
    },
    "7": {
        "mean": 2.7333333333333334,
        "std": 1.4360439485692011,
        "recent_periods_avg": 1.8,
        "historical_min": 0,
        "historical_max": 6
    },
    "8": {
        "mean": 0.3,
        "std": 0.45825756949558394,
        "recent_periods_avg": 0.2,
        "historical_min": 0,
        "historical_max": 1
    }
}