{
    "0": {
        "mean": 2.1,
        "std": 1.1930353445448854,
        "recent_periods_avg": 2.2,
        "historical_min": 0,
        "historical_max": 5
    },
    "1": {
        "mean": 2.066666666666667,
        "std": 1.0934146311237816,
        "recent_periods_avg": 1.0,
        "historical_min": 0,
        "historical_max": 5
    },
    "2": {
        "mean": 1.8333333333333333,
        "std": 1.0671873729054748,
        "recent_periods_avg": 2.0,
        "historical_min": 0,
        "historical_max": 4
    },
    "3": {
        "mean": 2.1666666666666665,
        "std": 1.3924399049470282,
        "recent_periods_avg": 1.4,
        "historical_min": 0,
        "historical_max": 5
    },
    "4": {
        "mean": 1.6666666666666667,
        "std": 1.1925695879998879,
        "recent_periods_avg": 2.8,
        "historical_min": 0,
        "historical_max": 4
    },
    "5": {
        "mean": 2.466666666666667,
        "std": 1.3349989596333858,
        "recent_periods_avg": 2.6,
        "historical_min": 0,
        "historical_max": 4
    },
    "6": {
        "mean": 2.1333333333333333,
        "std": 1.1756794725698931,
        "recent_periods_avg": 1.6,
        "historical_min": 0,
        "historical_max": 5
    },
    "7": {
        "mean": 1.9666666666666666,
        "std": 1.251221625274897,
        "recent_periods_avg": 2.0,
        "historical_min": 0,
        "historical_max": 5
    },
    "8": {
        "mean": 1.9333333333333333,
        "std": 1.2364824660660938,
        "recent_periods_avg": 2.6,
        "historical_min": 0,
        "historical_max": 4
    },
    "9": {
        "mean": 1.6666666666666667,
        "std": 0.9428090415820632,
        "recent_periods_avg": 1.8,
        "historical_min": 0,
        "historical_max": 3
    }
}