{
    "0": {
        "mean": 2.1,
        "std": 1.0440306508910548,
        "recent_periods_avg": 2.2,
        "historical_min": 0,
        "historical_max": 4
    },
    "1": {
        "mean": 2.2666666666666666,
        "std": 1.4360439485692011,
        "recent_periods_avg": 1.6,
        "historical_min": 0,
        "historical_max": 6
    },
    "2": {
        "mean": 2.533333333333333,
        "std": 0.8844332774281065,
        "recent_periods_avg": 2.8,
        "historical_min": 1,
        "historical_max": 4
    },
    "3": {
        "mean": 2.533333333333333,
        "std": 1.4079141387961918,
        "recent_periods_avg": 2.8,
        "historical_min": 0,
        "historical_max": 6
    },
    "4": {
        "mean": 2.5,
        "std": 1.2041594578792296,
        "recent_periods_avg": 2.6,
        "historical_min": 0,
        "historical_max": 5
    },
    "5": {
        "mean": 2.6666666666666665,
        "std": 1.299572579307862,
        "recent_periods_avg": 3.0,
        "historical_min": 0,
        "historical_max": 5
    },
    "6": {
        "mean": 2.2333333333333334,
        "std": 1.145522685162639,
        "recent_periods_avg": 2.6,
        "historical_min": 0,
        "historical_max": 5
    },
    "7": {
        "mean": 2.9,
        "std": 1.3988090172238192,
        "recent_periods_avg": 2.2,
        "historical_min": 0,
        "historical_max": 6
    },
    "8": {
        "mean": 0.26666666666666666,
        "std": 0.4422166387140533,
        "recent_periods_avg": 0.2,
        "historical_min": 0,
        "historical_max": 1
    }
}