{
    "0": {
        "mean": 2.2333333333333334,
        "std": 1.2023125864580957,
        "recent_periods_avg": 2.2,
        "historical_min": 0,
        "historical_max": 5
    },
    "1": {
        "mean": 2.4,
        "std": 1.1430952132988164,
        "recent_periods_avg": 2.2,
        "historical_min": 0,
        "historical_max": 5
    },
    "2": {
        "mean": 2.6,
        "std": 1.1430952132988164,
        "recent_periods_avg": 2.6,
        "historical_min": 1,
        "historical_max": 5
    },
    "3": {
        "mean": 2.8,
        "std": 1.5143755588800731,
        "recent_periods_avg": 3.6,
        "historical_min": 0,
        "historical_max": 6
    },
    "4": {
        "mean": 2.3333333333333335,
        "std": 1.0110500592068734,
        "recent_periods_avg": 1.8,
        "historical_min": 0,
        "historical_max": 4
    },
    "5": {
        "mean": 2.6,
        "std": 1.518771433319269,
        "recent_periods_avg": 2.8,
        "historical_min": 0,
        "historical_max": 5
    },
    "6": {
        "mean": 2.2333333333333334,
        "std": 0.9551032521262935,
        "recent_periods_avg": 1.8,
        "historical_min": 1,
        "historical_max": 4
    },
    "7": {
        "mean": 2.466666666666667,
        "std": 1.2310790208412925,
        "recent_periods_avg": 3.0,
        "historical_min": 0,
        "historical_max": 5
    },
    "8": {
        "mean": 0.3333333333333333,
        "std": 0.4714045207910316,
        "recent_periods_avg": 0.0,
        "historical_min": 0,
        "historical_max": 1
    }
}