{
    "0": {
        "mean": 2.1333333333333333,
        "std": 1.024152766382481,
        "recent_periods_avg": 2.0,
        "historical_min": 0,
        "historical_max": 4
    },
    "1": {
        "mean": 2.2,
        "std": 1.1944315244779278,
        "recent_periods_avg": 2.4,
        "historical_min": 0,
        "historical_max": 5
    },
    "2": {
        "mean": 2.033333333333333,
        "std": 1.168569876197207,
        "recent_periods_avg": 2.6,
        "historical_min": 0,
        "historical_max": 4
    },
    "3": {
        "mean": 2.0,
        "std": 1.3416407864998738,
        "recent_periods_avg": 1.2,
        "historical_min": 0,
        "historical_max": 5
    },
    "4": {
        "mean": 1.9333333333333333,
        "std": 0.9977753031397177,
        "recent_periods_avg": 1.6,
        "historical_min": 0,
        "historical_max": 4
    },
    "5": {
        "mean": 1.9333333333333333,
        "std": 1.2092238098144703,
        "recent_periods_avg": 2.4,
        "historical_min": 0,
        "historical_max": 4
    },
    "6": {
        "mean": 1.7,
        "std": 1.0692676621563628,
        "recent_periods_avg": 1.2,
        "historical_min": 0,
        "historical_max": 4
    },
    "7": {
        "mean": 1.8666666666666667,
        "std": 0.9568466729604881,
        "recent_periods_avg": 2.2,
        "historical_min": 0,
        "historical_max": 4
    },
    "8": {
        "mean": 2.1666666666666665,
        "std": 1.5509853498842456,
        "recent_periods_avg": 1.4,
        "historical_min": 0,
        "historical_max": 7
    },
    "9": {
        "mean": 2.033333333333333,
        "std": 0.9826268648655784,
        "recent_periods_avg": 3.0,
        "historical_min": 0,
        "historical_max": 4
    }
}