{
    "0": {
        "mean": 2.1333333333333333,
        "std": 0.9910712498212337,
        "recent_periods_avg": 2.4,
        "historical_min": 0,
        "historical_max": 4
    },
    "1": {
        "mean": 1.9333333333333333,
        "std": 1.0624918300339485,
        "recent_periods_avg": 2.6,
        "historical_min": 0,
        "historical_max": 4
    },
    "2": {
        "mean": 2.033333333333333,
        "std": 0.8359957469322967,
        "recent_periods_avg": 2.0,
        "historical_min": 1,
        "historical_max": 4
    },
    "3": {
        "mean": 2.1333333333333333,
        "std": 1.3349989596333858,
        "recent_periods_avg": 2.2,
        "historical_min": 0,
        "historical_max": 5
    },
    "4": {
        "mean": 1.4,
        "std": 0.9865765724632495,
        "recent_periods_avg": 1.0,
        "historical_min": 0,
        "historical_max": 3
    },
    "5": {
        "mean": 2.1333333333333333,
        "std": 1.2310790208412925,
        "recent_periods_avg": 2.4,
        "historical_min": 0,
        "historical_max": 4
    },
    "6": {
        "mean": 2.433333333333333,
        "std": 1.1160446028522135,
        "recent_periods_avg": 2.4,
        "historical_min": 0,
        "historical_max": 6
    },
    "7": {
        "mean": 2.066666666666667,
        "std": 1.2631530214330944,
        "recent_periods_avg": 2.6,
        "historical_min": 0,
        "historical_max": 5
    },
    "8": {
        "mean": 1.8666666666666667,
        "std": 1.14697670227235,
        "recent_periods_avg": 0.8,
        "historical_min": 0,
        "historical_max": 5
    },
    "9": {
        "mean": 1.8666666666666667,
        "std": 1.024152766382481,
        "recent_periods_avg": 1.6,
        "historical_min": 0,
        "historical_max": 3
    }
}