{
    "0": {
        "mean": 2.2,
        "std": 1.3266499161421599,
        "recent_periods_avg": 2.0,
        "historical_min": 0,
        "historical_max": 5
    },
    "1": {
        "mean": 2.1333333333333333,
        "std": 1.3097921802925667,
        "recent_periods_avg": 2.2,
        "historical_min": 0,
        "historical_max": 5
    },
    "2": {
        "mean": 1.9,
        "std": 1.2206555615733703,
        "recent_periods_avg": 1.4,
        "historical_min": 0,
        "historical_max": 5
    },
    "3": {
        "mean": 2.033333333333333,
        "std": 1.2512216252748973,
        "recent_periods_avg": 2.6,
        "historical_min": 0,
        "historical_max": 5
    },
    "4": {
        "mean": 1.5333333333333334,
        "std": 1.2578641509408806,
        "recent_periods_avg": 1.4,
        "historical_min": 0,
        "historical_max": 4
    },
    "5": {
        "mean": 2.2333333333333334,
        "std": 1.2827920936595907,
        "recent_periods_avg": 3.6,
        "historical_min": 0,
        "historical_max": 5
    },
    "6": {
        "mean": 2.2333333333333334,
        "std": 1.145522685162639,
        "recent_periods_avg": 2.0,
        "historical_min": 1,
        "historical_max": 5
    },
    "7": {
        "mean": 1.9666666666666666,
        "std": 1.1685698761972068,
        "recent_periods_avg": 2.2,
        "historical_min": 0,
        "historical_max": 5
    },
    "8": {
        "mean": 1.9666666666666666,
        "std": 1.2242911781471302,
        "recent_periods_avg": 1.6,
        "historical_min": 0,
        "historical_max": 4
    },
    "9": {
        "mean": 1.8,
        "std": 1.1661903789690602,
        "recent_periods_avg": 1.0,
        "historical_min": 0,
        "historical_max": 5
    }
}