{
    "0": {
        "mean": 2.2,
        "std": 1.2489995996796797,
        "recent_periods_avg": 1.4,
        "historical_min": 0,
        "historical_max": 5
    },
    "1": {
        "mean": 1.9666666666666666,
        "std": 1.3535960336164634,
        "recent_periods_avg": 2.2,
        "historical_min": 0,
        "historical_max": 5
    },
    "2": {
        "mean": 2.033333333333333,
        "std": 1.168569876197207,
        "recent_periods_avg": 2.6,
        "historical_min": 0,
        "historical_max": 4
    },
    "3": {
        "mean": 2.1,
        "std": 1.274100990241093,
        "recent_periods_avg": 2.6,
        "historical_min": 0,
        "historical_max": 5
    },
    "4": {
        "mean": 1.6,
        "std": 1.254325848148452,
        "recent_periods_avg": 1.6,
        "historical_min": 0,
        "historical_max": 4
    },
    "5": {
        "mean": 2.3333333333333335,
        "std": 1.349897115421106,
        "recent_periods_avg": 1.6,
        "historical_min": 0,
        "historical_max": 5
    },
    "6": {
        "mean": 2.2333333333333334,
        "std": 1.0857664983268223,
        "recent_periods_avg": 1.8,
        "historical_min": 1,
        "historical_max": 5
    },
    "7": {
        "mean": 1.5666666666666667,
        "std": 0.9551032521262935,
        "recent_periods_avg": 1.6,
        "historical_min": 0,
        "historical_max": 3
    },
    "8": {
        "mean": 2.2,
        "std": 1.1944315244779278,
        "recent_periods_avg": 2.4,
        "historical_min": 0,
        "historical_max": 5
    },
    "9": {
        "mean": 1.7666666666666666,
        "std": 1.054619467970425,
        "recent_periods_avg": 2.2,
        "historical_min": 0,
        "historical_max": 5
    }
}