{
    "0": {
        "mean": 2.1333333333333333,
        "std": 1.3597385369580761,
        "recent_periods_avg": 2.4,
        "historical_min": 0,
        "historical_max": 5
    },
    "1": {
        "mean": 2.566666666666667,
        "std": 0.989388138643722,
        "recent_periods_avg": 2.4,
        "historical_min": 1,
        "historical_max": 4
    },
    "2": {
        "mean": 2.6666666666666665,
        "std": 1.1055415967851332,
        "recent_periods_avg": 2.2,
        "historical_min": 1,
        "historical_max": 5
    },
    "3": {
        "mean": 2.6666666666666665,
        "std": 1.1642832797715321,
        "recent_periods_avg": 3.0,
        "historical_min": 1,
        "historical_max": 5
    },
    "4": {
        "mean": 2.2666666666666666,
        "std": 1.0934146311237816,
        "recent_periods_avg": 2.2,
        "historical_min": 0,
        "historical_max": 4
    },
    "5": {
        "mean": 2.433333333333333,
        "std": 1.4067298564006128,
        "recent_periods_avg": 3.0,
        "historical_min": 0,
        "historical_max": 5
    },
    "6": {
        "mean": 2.5,
        "std": 1.118033988749895,
        "recent_periods_avg": 2.6,
        "historical_min": 0,
        "historical_max": 5
    },
    "7": {
        "mean": 2.3666666666666667,
        "std": 1.110055053689781,
        "recent_periods_avg": 2.2,
        "historical_min": 1,
        "historical_max": 5
    },
    "8": {
        "mean": 0.4,
        "std": 0.4898979485566357,
        "recent_periods_avg": 0.0,
        "historical_min": 0,
        "historical_max": 1
    }
}