{
    "0": {
        "mean": 2.1,
        "std": 1.3,
        "recent_periods_avg": 2.6,
        "historical_min": 0,
        "historical_max": 5
    },
    "1": {
        "mean": 2.5,
        "std": 1.1761519176251567,
        "recent_periods_avg": 2.8,
        "historical_min": 0,
        "historical_max": 5
    },
    "2": {
        "mean": 2.6,
        "std": 1.171893055416463,
        "recent_periods_avg": 2.0,
        "historical_min": 1,
        "historical_max": 5
    },
    "3": {
        "mean": 2.6333333333333333,
        "std": 1.4487542541400489,
        "recent_periods_avg": 2.4,
        "historical_min": 0,
        "historical_max": 6
    },
    "4": {
        "mean": 2.4,
        "std": 1.019803902718557,
        "recent_periods_avg": 2.4,
        "historical_min": 0,
        "historical_max": 4
    },
    "5": {
        "mean": 2.566666666666667,
        "std": 1.4533486237727757,
        "recent_periods_avg": 3.0,
        "historical_min": 0,
        "historical_max": 5
    },
    "6": {
        "mean": 2.3666666666666667,
        "std": 0.9480975102218594,
        "recent_periods_avg": 2.0,
        "historical_min": 1,
        "historical_max": 4
    },
    "7": {
        "mean": 2.4,
        "std": 1.2,
        "recent_periods_avg": 2.2,
        "historical_min": 0,
        "historical_max": 5
    },
    "8": {
        "mean": 0.43333333333333335,
        "std": 0.4955356249106168,
        "recent_periods_avg": 0.6,
        "historical_min": 0,
        "historical_max": 1
    }
}