{
    "0": {
        "mean": 2.2,
        "std": 1.32664991614216,
        "recent_periods_avg": 2.4,
        "historical_min": 0,
        "historical_max": 5
    },
    "1": {
        "mean": 2.6,
        "std": 1.171893055416463,
        "recent_periods_avg": 3.6,
        "historical_min": 0,
        "historical_max": 5
    },
    "2": {
        "mean": 2.533333333333333,
        "std": 1.2036980056845192,
        "recent_periods_avg": 2.2,
        "historical_min": 1,
        "historical_max": 5
    },
    "3": {
        "mean": 2.6666666666666665,
        "std": 1.4681810363696828,
        "recent_periods_avg": 1.8,
        "historical_min": 0,
        "historical_max": 6
    },
    "4": {
        "mean": 2.3666666666666667,
        "std": 1.0482790129010926,
        "recent_periods_avg": 2.4,
        "historical_min": 0,
        "historical_max": 4
    },
    "5": {
        "mean": 2.533333333333333,
        "std": 1.4544949486180954,
        "recent_periods_avg": 3.2,
        "historical_min": 0,
        "historical_max": 5
    },
    "6": {
        "mean": 2.3666666666666667,
        "std": 0.9480975102218594,
        "recent_periods_avg": 2.0,
        "historical_min": 1,
        "historical_max": 4
    },
    "7": {
        "mean": 2.3,
        "std": 1.1874342087037917,
        "recent_periods_avg": 1.8,
        "historical_min": 0,
        "historical_max": 5
    },
    "8": {
        "mean": 0.43333333333333335,
        "std": 0.4955356249106168,
        "recent_periods_avg": 0.6,
        "historical_min": 0,
        "historical_max": 1
    }
}