{
    "0": {
        "mean": 2.3333333333333335,
        "std": 1.192569587999888,
        "recent_periods_avg": 2.4,
        "historical_min": 0,
        "historical_max": 5
    },
    "1": {
        "mean": 2.433333333333333,
        "std": 1.4761059883656353,
        "recent_periods_avg": 2.0,
        "historical_min": 0,
        "historical_max": 6
    },
    "2": {
        "mean": 2.566666666666667,
        "std": 1.0546194679704248,
        "recent_periods_avg": 2.6,
        "historical_min": 1,
        "historical_max": 4
    },
    "3": {
        "mean": 2.533333333333333,
        "std": 1.586050300449376,
        "recent_periods_avg": 2.8,
        "historical_min": 0,
        "historical_max": 6
    },
    "4": {
        "mean": 2.1666666666666665,
        "std": 1.1571036638473187,
        "recent_periods_avg": 2.6,
        "historical_min": 0,
        "historical_max": 4
    },
    "5": {
        "mean": 2.8333333333333335,
        "std": 1.2671051872498809,
        "recent_periods_avg": 2.6,
        "historical_min": 1,
        "historical_max": 5
    },
    "6": {
        "mean": 2.1666666666666665,
        "std": 0.9339283817414599,
        "recent_periods_avg": 2.6,
        "historical_min": 1,
        "historical_max": 4
    },
    "7": {
        "mean": 2.6666666666666665,
        "std": 1.2736648783028535,
        "recent_periods_avg": 2.2,
        "historical_min": 0,
        "historical_max": 5
    },
    "8": {
        "mean": 0.3,
        "std": 0.45825756949558394,
        "recent_periods_avg": 0.2,
        "historical_min": 0,
        "historical_max": 1
    }
}