{
    "0": {
        "mean": 2.3333333333333335,
        "std": 1.192569587999888,
        "recent_periods_avg": 2.2,
        "historical_min": 0,
        "historical_max": 5
    },
    "1": {
        "mean": 2.466666666666667,
        "std": 1.4772346537440226,
        "recent_periods_avg": 2.6,
        "historical_min": 0,
        "historical_max": 6
    },
    "2": {
        "mean": 2.5,
        "std": 1.0878112581387147,
        "recent_periods_avg": 2.4,
        "historical_min": 1,
        "historical_max": 4
    },
    "3": {
        "mean": 2.566666666666667,
        "std": 1.5849991237291654,
        "recent_periods_avg": 2.6,
        "historical_min": 0,
        "historical_max": 6
    },
    "4": {
        "mean": 2.2,
        "std": 1.16619037896906,
        "recent_periods_avg": 2.4,
        "historical_min": 0,
        "historical_max": 4
    },
    "5": {
        "mean": 2.7666666666666666,
        "std": 1.3085190950927015,
        "recent_periods_avg": 2.2,
        "historical_min": 1,
        "historical_max": 5
    },
    "6": {
        "mean": 2.2,
        "std": 0.9451631252505217,
        "recent_periods_avg": 2.8,
        "historical_min": 1,
        "historical_max": 4
    },
    "7": {
        "mean": 2.6666666666666665,
        "std": 1.2736648783028535,
        "recent_periods_avg": 2.4,
        "historical_min": 0,
        "historical_max": 5
    },
    "8": {
        "mean": 0.3,
        "std": 0.45825756949558394,
        "recent_periods_avg": 0.4,
        "historical_min": 0,
        "historical_max": 1
    }
}