{
    "0": {
        "mean": 2.2666666666666666,
        "std": 1.1527744310527053,
        "recent_periods_avg": 2.6,
        "historical_min": 0,
        "historical_max": 5
    },
    "1": {
        "mean": 2.466666666666667,
        "std": 1.4313940369055926,
        "recent_periods_avg": 2.4,
        "historical_min": 0,
        "historical_max": 6
    },
    "2": {
        "mean": 2.566666666666667,
        "std": 1.1455226851626386,
        "recent_periods_avg": 2.4,
        "historical_min": 1,
        "historical_max": 5
    },
    "3": {
        "mean": 2.6666666666666665,
        "std": 1.6599866130651644,
        "recent_periods_avg": 1.4,
        "historical_min": 0,
        "historical_max": 6
    },
    "4": {
        "mean": 2.3333333333333335,
        "std": 1.0749676997731399,
        "recent_periods_avg": 2.6,
        "historical_min": 0,
        "historical_max": 4
    },
    "5": {
        "mean": 2.7,
        "std": 1.46401275039985,
        "recent_periods_avg": 3.2,
        "historical_min": 0,
        "historical_max": 5
    },
    "6": {
        "mean": 2.1,
        "std": 0.9073771725877467,
        "recent_periods_avg": 2.0,
        "historical_min": 1,
        "historical_max": 4
    },
    "7": {
        "mean": 2.6,
        "std": 1.2,
        "recent_periods_avg": 3.0,
        "historical_min": 0,
        "historical_max": 5
    },
    "8": {
        "mean": 0.3,
        "std": 0.45825756949558394,
        "recent_periods_avg": 0.4,
        "historical_min": 0,
        "historical_max": 1
    }
}