{
    "0": {
        "mean": 2.2,
        "std": 1.16619037896906,
        "recent_periods_avg": 2.0,
        "historical_min": 0,
        "historical_max": 5
    },
    "1": {
        "mean": 2.466666666666667,
        "std": 1.4313940369055926,
        "recent_periods_avg": 2.8,
        "historical_min": 0,
        "historical_max": 6
    },
    "2": {
        "mean": 2.6,
        "std": 1.1430952132988164,
        "recent_periods_avg": 2.6,
        "historical_min": 1,
        "historical_max": 5
    },
    "3": {
        "mean": 2.6333333333333333,
        "std": 1.6224124698183942,
        "recent_periods_avg": 1.6,
        "historical_min": 0,
        "historical_max": 6
    },
    "4": {
        "mean": 2.2666666666666666,
        "std": 1.0934146311237816,
        "recent_periods_avg": 2.2,
        "historical_min": 0,
        "historical_max": 4
    },
    "5": {
        "mean": 2.8333333333333335,
        "std": 1.4851112939963644,
        "recent_periods_avg": 3.4,
        "historical_min": 0,
        "historical_max": 5
    },
    "6": {
        "mean": 2.033333333333333,
        "std": 0.9122621455602672,
        "recent_periods_avg": 1.8,
        "historical_min": 1,
        "historical_max": 4
    },
    "7": {
        "mean": 2.6666666666666665,
        "std": 1.1642832797715321,
        "recent_periods_avg": 3.2,
        "historical_min": 0,
        "historical_max": 5
    },
    "8": {
        "mean": 0.3,
        "std": 0.45825756949558394,
        "recent_periods_avg": 0.4,
        "historical_min": 0,
        "historical_max": 1
    }
}