{
    "0": {
        "mean": 2.066666666666667,
        "std": 1.0624918300339485,
        "recent_periods_avg": 2.2,
        "historical_min": 0,
        "historical_max": 4
    },
    "1": {
        "mean": 2.066666666666667,
        "std": 1.1527744310527055,
        "recent_periods_avg": 2.4,
        "historical_min": 0,
        "historical_max": 5
    },
    "2": {
        "mean": 2.6,
        "std": 1.254325848148452,
        "recent_periods_avg": 2.8,
        "historical_min": 1,
        "historical_max": 6
    },
    "3": {
        "mean": 2.466666666666667,
        "std": 1.4313940369055926,
        "recent_periods_avg": 1.2,
        "historical_min": 0,
        "historical_max": 6
    },
    "4": {
        "mean": 2.8666666666666667,
        "std": 1.0561986345169907,
        "recent_periods_avg": 3.2,
        "historical_min": 1,
        "historical_max": 5
    },
    "5": {
        "mean": 2.7666666666666666,
        "std": 1.2827920936595905,
        "recent_periods_avg": 2.8,
        "historical_min": 0,
        "historical_max": 5
    },
    "6": {
        "mean": 2.533333333333333,
        "std": 1.0561986345169905,
        "recent_periods_avg": 3.0,
        "historical_min": 0,
        "historical_max": 5
    },
    "7": {
        "mean": 2.4,
        "std": 1.4966629547095764,
        "recent_periods_avg": 2.2,
        "historical_min": 0,
        "historical_max": 6
    },
    "8": {
        "mean": 0.23333333333333334,
        "std": 0.4229525846816506,
        "recent_periods_avg": 0.2,
        "historical_min": 0,
        "historical_max": 1
    }
}