{
    "0": {
        "mean": 2.466666666666667,
        "std": 1.1175369742826808,
        "recent_periods_avg": 2.8,
        "historical_min": 0,
        "historical_max": 5
    },
    "1": {
        "mean": 2.3333333333333335,
        "std": 1.1925695879998879,
        "recent_periods_avg": 2.0,
        "historical_min": 0,
        "historical_max": 5
    },
    "2": {
        "mean": 2.9,
        "std": 1.4224392195567912,
        "recent_periods_avg": 3.8,
        "historical_min": 1,
        "historical_max": 6
    },
    "3": {
        "mean": 2.066666666666667,
        "std": 1.0624918300339485,
        "recent_periods_avg": 2.8,
        "historical_min": 0,
        "historical_max": 4
    },
    "4": {
        "mean": 2.466666666666667,
        "std": 1.2036980056845192,
        "recent_periods_avg": 2.0,
        "historical_min": 0,
        "historical_max": 5
    },
    "5": {
        "mean": 2.8,
        "std": 1.5577761927397231,
        "recent_periods_avg": 3.0,
        "historical_min": 0,
        "historical_max": 6
    },
    "6": {
        "mean": 2.3666666666666667,
        "std": 1.015983376941878,
        "recent_periods_avg": 1.6,
        "historical_min": 1,
        "historical_max": 4
    },
    "7": {
        "mean": 2.2,
        "std": 1.3012814197295424,
        "recent_periods_avg": 1.6,
        "historical_min": 0,
        "historical_max": 5
    },
    "8": {
        "mean": 0.4,
        "std": 0.4898979485566357,
        "recent_periods_avg": 0.4,
        "historical_min": 0,
        "historical_max": 1
    }
}