{
    "0": {
        "mean": 2.1666666666666665,
        "std": 1.0979779394667069,
        "recent_periods_avg": 1.8,
        "historical_min": 0,
        "historical_max": 5
    },
    "1": {
        "mean": 1.7,
        "std": 0.9363047936792093,
        "recent_periods_avg": 1.6,
        "historical_min": 0,
        "historical_max": 3
    },
    "2": {
        "mean": 2.0,
        "std": 0.8944271909999159,
        "recent_periods_avg": 1.8,
        "historical_min": 1,
        "historical_max": 4
    },
    "3": {
        "mean": 2.033333333333333,
        "std": 1.3780017739062924,
        "recent_periods_avg": 2.8,
        "historical_min": 0,
        "historical_max": 5
    },
    "4": {
        "mean": 1.5666666666666667,
        "std": 0.9893881386437221,
        "recent_periods_avg": 1.4,
        "historical_min": 0,
        "historical_max": 3
    },
    "5": {
        "mean": 2.2,
        "std": 1.1661903789690602,
        "recent_periods_avg": 2.6,
        "historical_min": 0,
        "historical_max": 4
    },
    "6": {
        "mean": 2.5,
        "std": 1.1474609652039003,
        "recent_periods_avg": 1.6,
        "historical_min": 0,
        "historical_max": 6
    },
    "7": {
        "mean": 1.9666666666666666,
        "std": 1.168569876197207,
        "recent_periods_avg": 2.0,
        "historical_min": 0,
        "historical_max": 5
    },
    "8": {
        "mean": 2.0,
        "std": 1.2110601416389966,
        "recent_periods_avg": 2.6,
        "historical_min": 0,
        "historical_max": 5
    },
    "9": {
        "mean": 1.8666666666666667,
        "std": 0.8844332774281065,
        "recent_periods_avg": 1.8,
        "historical_min": 0,
        "historical_max": 3
    }
}