{
    "0": {
        "mean": 2.1666666666666665,
        "std": 1.343709624716425,
        "recent_periods_avg": 2.4,
        "historical_min": 0,
        "historical_max": 5
    },
    "1": {
        "mean": 2.066666666666667,
        "std": 1.1527744310527055,
        "recent_periods_avg": 2.0,
        "historical_min": 0,
        "historical_max": 4
    },
    "2": {
        "mean": 1.9333333333333333,
        "std": 1.1234866364235145,
        "recent_periods_avg": 1.8,
        "historical_min": 0,
        "historical_max": 5
    },
    "3": {
        "mean": 2.033333333333333,
        "std": 1.27758452644912,
        "recent_periods_avg": 2.0,
        "historical_min": 0,
        "historical_max": 5
    },
    "4": {
        "mean": 1.6,
        "std": 1.2806248474865698,
        "recent_periods_avg": 1.6,
        "historical_min": 0,
        "historical_max": 4
    },
    "5": {
        "mean": 2.0,
        "std": 1.1254628677422756,
        "recent_periods_avg": 2.6,
        "historical_min": 0,
        "historical_max": 4
    },
    "6": {
        "mean": 2.3333333333333335,
        "std": 1.2995725793078619,
        "recent_periods_avg": 2.2,
        "historical_min": 1,
        "historical_max": 6
    },
    "7": {
        "mean": 1.9333333333333333,
        "std": 1.236482466066094,
        "recent_periods_avg": 1.4,
        "historical_min": 0,
        "historical_max": 5
    },
    "8": {
        "mean": 2.1,
        "std": 1.3503086067019396,
        "recent_periods_avg": 2.2,
        "historical_min": 0,
        "historical_max": 5
    },
    "9": {
        "mean": 1.8333333333333333,
        "std": 1.1571036638473189,
        "recent_periods_avg": 1.8,
        "historical_min": 0,
        "historical_max": 5
    }
}