{
    "0": {
        "mean": 2.2,
        "std": 1.3266499161421599,
        "recent_periods_avg": 2.6,
        "historical_min": 0,
        "historical_max": 5
    },
    "1": {
        "mean": 2.033333333333333,
        "std": 1.1685698761972068,
        "recent_periods_avg": 1.6,
        "historical_min": 0,
        "historical_max": 4
    },
    "2": {
        "mean": 2.033333333333333,
        "std": 1.168569876197207,
        "recent_periods_avg": 2.0,
        "historical_min": 0,
        "historical_max": 5
    },
    "3": {
        "mean": 2.0,
        "std": 1.2382783747337807,
        "recent_periods_avg": 2.4,
        "historical_min": 0,
        "historical_max": 5
    },
    "4": {
        "mean": 1.5333333333333334,
        "std": 1.3097921802925667,
        "recent_periods_avg": 1.4,
        "historical_min": 0,
        "historical_max": 4
    },
    "5": {
        "mean": 2.1,
        "std": 1.2476644848141936,
        "recent_periods_avg": 2.8,
        "historical_min": 0,
        "historical_max": 5
    },
    "6": {
        "mean": 2.1666666666666665,
        "std": 1.1279282877125754,
        "recent_periods_avg": 1.6,
        "historical_min": 1,
        "historical_max": 5
    },
    "7": {
        "mean": 1.9333333333333333,
        "std": 1.236482466066094,
        "recent_periods_avg": 1.6,
        "historical_min": 0,
        "historical_max": 5
    },
    "8": {
        "mean": 2.1666666666666665,
        "std": 1.2931443160847216,
        "recent_periods_avg": 2.4,
        "historical_min": 0,
        "historical_max": 5
    },
    "9": {
        "mean": 1.8333333333333333,
        "std": 1.1571036638473189,
        "recent_periods_avg": 1.6,
        "historical_min": 0,
        "historical_max": 5
    }
}