{
    "0": {
        "mean": 2.2666666666666666,
        "std": 1.18133634311129,
        "recent_periods_avg": 2.8,
        "historical_min": 0,
        "historical_max": 5
    },
    "1": {
        "mean": 2.2666666666666666,
        "std": 1.1234866364235145,
        "recent_periods_avg": 1.8,
        "historical_min": 0,
        "historical_max": 4
    },
    "2": {
        "mean": 2.1666666666666665,
        "std": 1.2133516482134197,
        "recent_periods_avg": 1.6,
        "historical_min": 0,
        "historical_max": 5
    },
    "3": {
        "mean": 2.0,
        "std": 1.2909944487358056,
        "recent_periods_avg": 1.8,
        "historical_min": 0,
        "historical_max": 5
    },
    "4": {
        "mean": 1.7666666666666666,
        "std": 1.3337499349161706,
        "recent_periods_avg": 1.4,
        "historical_min": 0,
        "historical_max": 4
    },
    "5": {
        "mean": 1.8333333333333333,
        "std": 1.1279282877125754,
        "recent_periods_avg": 2.6,
        "historical_min": 0,
        "historical_max": 4
    },
    "6": {
        "mean": 2.066666666666667,
        "std": 1.2892719737209146,
        "recent_periods_avg": 1.8,
        "historical_min": 0,
        "historical_max": 6
    },
    "7": {
        "mean": 1.9,
        "std": 1.2206555615733703,
        "recent_periods_avg": 1.8,
        "historical_min": 0,
        "historical_max": 5
    },
    "8": {
        "mean": 1.9666666666666666,
        "std": 1.27758452644912,
        "recent_periods_avg": 2.8,
        "historical_min": 0,
        "historical_max": 5
    },
    "9": {
        "mean": 1.7666666666666666,
        "std": 1.116044602852214,
        "recent_periods_avg": 1.6,
        "historical_min": 0,
        "historical_max": 4
    }
}