{
    "0": {
        "mean": 2.2333333333333334,
        "std": 1.382831234179436,
        "recent_periods_avg": 2.2,
        "historical_min": 0,
        "historical_max": 5
    },
    "1": {
        "mean": 2.6333333333333333,
        "std": 1.1685698761972072,
        "recent_periods_avg": 1.8,
        "historical_min": 1,
        "historical_max": 6
    },
    "2": {
        "mean": 2.7333333333333334,
        "std": 1.0624918300339483,
        "recent_periods_avg": 2.8,
        "historical_min": 1,
        "historical_max": 4
    },
    "3": {
        "mean": 2.6666666666666665,
        "std": 1.0749676997731399,
        "recent_periods_avg": 3.4,
        "historical_min": 1,
        "historical_max": 5
    },
    "4": {
        "mean": 2.2666666666666666,
        "std": 1.1527744310527053,
        "recent_periods_avg": 1.8,
        "historical_min": 0,
        "historical_max": 4
    },
    "5": {
        "mean": 2.566666666666667,
        "std": 1.3085190950927015,
        "recent_periods_avg": 2.4,
        "historical_min": 0,
        "historical_max": 5
    },
    "6": {
        "mean": 2.5,
        "std": 1.1474609652039003,
        "recent_periods_avg": 2.2,
        "historical_min": 0,
        "historical_max": 5
    },
    "7": {
        "mean": 2.066666666666667,
        "std": 1.18133634311129,
        "recent_periods_avg": 3.0,
        "historical_min": 0,
        "historical_max": 5
    },
    "8": {
        "mean": 0.3333333333333333,
        "std": 0.4714045207910317,
        "recent_periods_avg": 0.4,
        "historical_min": 0,
        "historical_max": 1
    }
}