{
    "0": {
        "mean": 2.4,
        "std": 1.171893055416463,
        "recent_periods_avg": 2.2,
        "historical_min": 0,
        "historical_max": 5
    },
    "1": {
        "mean": 1.7333333333333334,
        "std": 1.0624918300339483,
        "recent_periods_avg": 1.6,
        "historical_min": 0,
        "historical_max": 4
    },
    "2": {
        "mean": 1.9666666666666666,
        "std": 0.9480975102218595,
        "recent_periods_avg": 1.8,
        "historical_min": 0,
        "historical_max": 4
    },
    "3": {
        "mean": 1.6666666666666667,
        "std": 1.1642832797715321,
        "recent_periods_avg": 2.0,
        "historical_min": 0,
        "historical_max": 5
    },
    "4": {
        "mean": 1.7666666666666666,
        "std": 0.989388138643722,
        "recent_periods_avg": 1.0,
        "historical_min": 0,
        "historical_max": 4
    },
    "5": {
        "mean": 2.0,
        "std": 1.0327955589886444,
        "recent_periods_avg": 1.8,
        "historical_min": 0,
        "historical_max": 4
    },
    "6": {
        "mean": 2.066666666666667,
        "std": 1.3399834161494522,
        "recent_periods_avg": 2.4,
        "historical_min": 0,
        "historical_max": 6
    },
    "7": {
        "mean": 2.1,
        "std": 0.9433981132056604,
        "recent_periods_avg": 2.6,
        "historical_min": 0,
        "historical_max": 4
    },
    "8": {
        "mean": 2.2333333333333334,
        "std": 1.5423647068345696,
        "recent_periods_avg": 2.2,
        "historical_min": 0,
        "historical_max": 7
    },
    "9": {
        "mean": 2.066666666666667,
        "std": 0.9637888196533974,
        "recent_periods_avg": 2.4,
        "historical_min": 0,
        "historical_max": 4
    }
}