{
    "0": {
        "mean": 2.1333333333333333,
        "std": 1.2036980056845192,
        "recent_periods_avg": 1.6,
        "historical_min": 0,
        "historical_max": 5
    },
    "1": {
        "mean": 2.066666666666667,
        "std": 1.339983416149452,
        "recent_periods_avg": 2.6,
        "historical_min": 0,
        "historical_max": 5
    },
    "2": {
        "mean": 1.9333333333333333,
        "std": 1.18133634311129,
        "recent_periods_avg": 1.4,
        "historical_min": 0,
        "historical_max": 4
    },
    "3": {
        "mean": 2.2,
        "std": 1.2489995996796797,
        "recent_periods_avg": 3.6,
        "historical_min": 0,
        "historical_max": 5
    },
    "4": {
        "mean": 1.6666666666666667,
        "std": 1.1055415967851334,
        "recent_periods_avg": 2.4,
        "historical_min": 0,
        "historical_max": 4
    },
    "5": {
        "mean": 2.2333333333333334,
        "std": 1.358512258154322,
        "recent_periods_avg": 1.0,
        "historical_min": 0,
        "historical_max": 5
    },
    "6": {
        "mean": 2.2,
        "std": 1.1075498483890767,
        "recent_periods_avg": 1.8,
        "historical_min": 1,
        "historical_max": 5
    },
    "7": {
        "mean": 1.7,
        "std": 1.0376254944182253,
        "recent_periods_avg": 2.6,
        "historical_min": 0,
        "historical_max": 4
    },
    "8": {
        "mean": 2.0,
        "std": 1.2909944487358056,
        "recent_periods_avg": 1.2,
        "historical_min": 0,
        "historical_max": 5
    },
    "9": {
        "mean": 1.8666666666666667,
        "std": 1.0873004286866725,
        "recent_periods_avg": 1.8,
        "historical_min": 0,
        "historical_max": 5
    }
}