{
    "0": {
        "mean": 2.4,
        "std": 1.2000000000000002,
        "recent_periods_avg": 2.0,
        "historical_min": 0,
        "historical_max": 5
    },
    "1": {
        "mean": 2.3666666666666667,
        "std": 1.1967548714010827,
        "recent_periods_avg": 2.0,
        "historical_min": 0,
        "historical_max": 5
    },
    "2": {
        "mean": 2.9,
        "std": 1.4224392195567912,
        "recent_periods_avg": 3.8,
        "historical_min": 1,
        "historical_max": 6
    },
    "3": {
        "mean": 2.1333333333333333,
        "std": 1.0561986345169905,
        "recent_periods_avg": 2.8,
        "historical_min": 0,
        "historical_max": 4
    },
    "4": {
        "mean": 2.5,
        "std": 1.2315302134607444,
        "recent_periods_avg": 2.8,
        "historical_min": 0,
        "historical_max": 5
    },
    "5": {
        "mean": 2.7,
        "std": 1.508862706367503,
        "recent_periods_avg": 2.6,
        "historical_min": 0,
        "historical_max": 6
    },
    "6": {
        "mean": 2.3666666666666667,
        "std": 1.015983376941878,
        "recent_periods_avg": 2.0,
        "historical_min": 1,
        "historical_max": 4
    },
    "7": {
        "mean": 2.2666666666666666,
        "std": 1.2892719737209144,
        "recent_periods_avg": 1.6,
        "historical_min": 0,
        "historical_max": 5
    },
    "8": {
        "mean": 0.36666666666666664,
        "std": 0.48189440982669857,
        "recent_periods_avg": 0.4,
        "historical_min": 0,
        "historical_max": 1
    }
}