{
    "0": {
        "mean": 2.1666666666666665,
        "std": 1.0979779394667069,
        "recent_periods_avg": 2.8,
        "historical_min": 0,
        "historical_max": 4
    },
    "1": {
        "mean": 2.2666666666666666,
        "std": 1.0934146311237816,
        "recent_periods_avg": 1.6,
        "historical_min": 0,
        "historical_max": 4
    },
    "2": {
        "mean": 2.2,
        "std": 1.1944315244779278,
        "recent_periods_avg": 2.0,
        "historical_min": 0,
        "historical_max": 5
    },
    "3": {
        "mean": 1.9333333333333333,
        "std": 1.2892719737209144,
        "recent_periods_avg": 2.2,
        "historical_min": 0,
        "historical_max": 5
    },
    "4": {
        "mean": 1.7333333333333334,
        "std": 1.2892719737209144,
        "recent_periods_avg": 1.8,
        "historical_min": 0,
        "historical_max": 4
    },
    "5": {
        "mean": 1.8666666666666667,
        "std": 1.0873004286866725,
        "recent_periods_avg": 1.2,
        "historical_min": 0,
        "historical_max": 4
    },
    "6": {
        "mean": 2.1666666666666665,
        "std": 1.2931443160847214,
        "recent_periods_avg": 2.2,
        "historical_min": 0,
        "historical_max": 6
    },
    "7": {
        "mean": 2.033333333333333,
        "std": 1.168569876197207,
        "recent_periods_avg": 2.6,
        "historical_min": 0,
        "historical_max": 5
    },
    "8": {
        "mean": 1.8,
        "std": 1.2220201853215573,
        "recent_periods_avg": 2.2,
        "historical_min": 0,
        "historical_max": 5
    },
    "9": {
        "mean": 1.8333333333333333,
        "std": 1.0979779394667069,
        "recent_periods_avg": 1.4,
        "historical_min": 0,
        "historical_max": 4
    }
}