{
    "0": {
        "mean": 2.3666666666666667,
        "std": 1.168569876197207,
        "recent_periods_avg": 2.0,
        "historical_min": 0,
        "historical_max": 5
    },
    "1": {
        "mean": 1.7666666666666666,
        "std": 1.0857664983268223,
        "recent_periods_avg": 1.8,
        "historical_min": 0,
        "historical_max": 4
    },
    "2": {
        "mean": 2.0,
        "std": 0.9660917830792959,
        "recent_periods_avg": 1.8,
        "historical_min": 0,
        "historical_max": 4
    },
    "3": {
        "mean": 1.6666666666666667,
        "std": 1.1642832797715321,
        "recent_periods_avg": 1.8,
        "historical_min": 0,
        "historical_max": 5
    },
    "4": {
        "mean": 1.7666666666666666,
        "std": 0.989388138643722,
        "recent_periods_avg": 1.0,
        "historical_min": 0,
        "historical_max": 4
    },
    "5": {
        "mean": 2.0,
        "std": 1.0327955589886444,
        "recent_periods_avg": 2.0,
        "historical_min": 0,
        "historical_max": 4
    },
    "6": {
        "mean": 2.033333333333333,
        "std": 1.3287420951996498,
        "recent_periods_avg": 2.6,
        "historical_min": 0,
        "historical_max": 6
    },
    "7": {
        "mean": 2.066666666666667,
        "std": 0.9285592184789413,
        "recent_periods_avg": 2.8,
        "historical_min": 0,
        "historical_max": 4
    },
    "8": {
        "mean": 2.2666666666666666,
        "std": 1.50406855635713,
        "recent_periods_avg": 2.0,
        "historical_min": 0,
        "historical_max": 7
    },
    "9": {
        "mean": 2.066666666666667,
        "std": 0.9637888196533974,
        "recent_periods_avg": 2.2,
        "historical_min": 0,
        "historical_max": 4
    }
}