{
    "0": {
        "mean": 2.1333333333333333,
        "std": 1.0873004286866728,
        "recent_periods_avg": 1.4,
        "historical_min": 0,
        "historical_max": 4
    },
    "1": {
        "mean": 2.4,
        "std": 1.451436070471816,
        "recent_periods_avg": 2.0,
        "historical_min": 0,
        "historical_max": 6
    },
    "2": {
        "mean": 2.466666666666667,
        "std": 0.9213516640723501,
        "recent_periods_avg": 2.2,
        "historical_min": 1,
        "historical_max": 4
    },
    "3": {
        "mean": 2.6333333333333333,
        "std": 1.4940623220676648,
        "recent_periods_avg": 3.2,
        "historical_min": 0,
        "historical_max": 6
    },
    "4": {
        "mean": 2.3666666666666667,
        "std": 1.303414319734477,
        "recent_periods_avg": 3.8,
        "historical_min": 0,
        "historical_max": 5
    },
    "5": {
        "mean": 2.7,
        "std": 1.3203534880225574,
        "recent_periods_avg": 2.2,
        "historical_min": 0,
        "historical_max": 5
    },
    "6": {
        "mean": 2.1666666666666665,
        "std": 0.93392838174146,
        "recent_periods_avg": 2.2,
        "historical_min": 1,
        "historical_max": 4
    },
    "7": {
        "mean": 2.9,
        "std": 1.4224392195567912,
        "recent_periods_avg": 2.6,
        "historical_min": 0,
        "historical_max": 6
    },
    "8": {
        "mean": 0.23333333333333334,
        "std": 0.4229525846816506,
        "recent_periods_avg": 0.4,
        "historical_min": 0,
        "historical_max": 1
    }
}