{
    "0": {
        "mean": 2.2333333333333334,
        "std": 1.1160446028522137,
        "recent_periods_avg": 2.0,
        "historical_min": 0,
        "historical_max": 4
    },
    "1": {
        "mean": 2.4,
        "std": 1.451436070471816,
        "recent_periods_avg": 2.2,
        "historical_min": 0,
        "historical_max": 6
    },
    "2": {
        "mean": 2.433333333333333,
        "std": 0.9551032521262935,
        "recent_periods_avg": 2.0,
        "historical_min": 1,
        "historical_max": 4
    },
    "3": {
        "mean": 2.7,
        "std": 1.46401275039985,
        "recent_periods_avg": 3.4,
        "historical_min": 0,
        "historical_max": 6
    },
    "4": {
        "mean": 2.3,
        "std": 1.2688577540449522,
        "recent_periods_avg": 3.2,
        "historical_min": 0,
        "historical_max": 5
    },
    "5": {
        "mean": 2.7,
        "std": 1.3203534880225574,
        "recent_periods_avg": 2.2,
        "historical_min": 0,
        "historical_max": 5
    },
    "6": {
        "mean": 2.1333333333333333,
        "std": 0.9568466729604881,
        "recent_periods_avg": 2.2,
        "historical_min": 1,
        "historical_max": 4
    },
    "7": {
        "mean": 2.8333333333333335,
        "std": 1.3186693629901654,
        "recent_periods_avg": 2.4,
        "historical_min": 0,
        "historical_max": 5
    },
    "8": {
        "mean": 0.26666666666666666,
        "std": 0.44221663871405326,
        "recent_periods_avg": 0.4,
        "historical_min": 0,
        "historical_max": 1
    }
}